Employee_ID,Age,Gender,Marital_Status,Department,Job_Role,Job_Level,Monthly_Income,Hourly_Rate,Years_at_Company,Years_in_Current_Role,Years_Since_Last_Promotion,Work_Life_Balance,Job_Satisfaction,Performance_Rating,Training_Hours_Last_Year,Overtime,Project_Count,Average_Hours_Worked_Per_Week,Absenteeism,Work_Environment_Satisfaction,Relationship_with_Manager,Job_Involvement,Distance_From_Home,Number_of_Companies_Worked,Attrition
6253,31,Male,Divorced,Marketing,Assistant,3,13410,89,9,9,0,1,5,1,24,Yes,9,32,18,4,3,1,34,4,No
4685,25,Male,Divorced,HR,Analyst,3,11034,66,12,10,5,1,4,4,9,No,2,58,18,1,4,1,23,1,Yes
1732,50,Female,Divorced,IT,Assistant,5,18595,56,24,9,4,3,4,1,18,Yes,2,42,4,4,4,4,39,3,Yes
4743,36,Male,Divorced,Sales,Executive,4,13160,65,17,4,4,1,3,3,28,Yes,1,41,3,4,4,4,39,4,Yes
4522,43,Female,Married,Finance,Analyst,5,14131,44,16,10,5,3,1,1,30,No,7,48,5,2,1,1,1,4,Yes
6341,59,Female,Married,Finance,Assistant,5,11820,69,22,1,2,4,2,4,56,No,4,44,15,3,1,4,2,3,No
577,54,Female,Married,Sales,Assistant,3,9720,54,13,1,7,1,1,1,95,Yes,8,30,15,2,3,2,9,3,No
5203,27,Female,Married,IT,Analyst,4,14399,84,6,13,3,1,1,3,56,No,2,55,10,1,3,1,37,1,Yes
6364,45,Male,Married,IT,Executive,2,3688,74,21,11,4,3,3,4,65,Yes,1,46,5,2,2,4,18,1,No
440,20,Female,Married,HR,Executive,1,4656,43,21,9,1,3,2,4,20,No,1,58,8,3,1,2,23,2,No
2751,37,Male,Married,Sales,Analyst,1,4308,46,5,8,6,3,2,3,93,No,7,42,3,2,4,1,38,2,No
7488,31,Male,Divorced,IT,Manager,1,19315,77,27,6,0,1,3,4,38,Yes,5,32,19,1,1,3,38,3,Yes
5273,47,Male,Divorced,HR,Assistant,2,17235,78,9,8,5,3,3,2,70,No,2,40,5,1,3,2,40,2,No
5654,29,Female,Single,Marketing,Executive,4,6946,98,8,3,6,4,4,3,71,Yes,4,43,11,1,1,1,9,2,No
4000,22,Female,Single,Marketing,Assistant,1,15618,75,3,8,5,1,5,3,90,No,1,39,13,2,2,1,4,4,No
6034,45,Female,Married,IT,Assistant,5,19017,70,9,5,6,4,2,3,67,No,3,48,5,4,3,1,15,3,No
583,50,Female,Single,HR,Analyst,4,8801,27,22,4,9,2,2,1,5,No,9,49,18,3,4,1,11,2,Yes
9931,49,Female,Married,Sales,Analyst,1,14144,23,5,2,7,3,5,4,83,No,2,53,7,4,2,1,27,2,No
7052,20,Female,Divorced,Marketing,Manager,2,14925,65,28,2,6,4,4,4,72,No,3,48,7,2,3,2,30,4,No
8159,20,Male,Single,Finance,Manager,3,13482,91,15,9,4,1,4,1,63,Yes,6,39,4,1,4,1,5,1,No
9897,42,Male,Single,Finance,Analyst,3,3355,34,16,3,2,2,1,4,22,No,7,56,3,2,1,3,29,3,No
2250,42,Male,Single,Marketing,Analyst,3,14667,62,9,2,2,3,5,2,85,No,8,55,4,3,2,3,41,1,No
4641,22,Male,Single,Marketing,Executive,5,10918,22,3,9,7,3,5,1,99,No,6,37,9,3,4,3,42,3,No
9486,37,Male,Married,IT,Executive,4,10966,79,28,11,7,4,3,2,98,Yes,3,43,14,4,2,2,48,1,No
4948,56,Male,Divorced,Finance,Assistant,4,14140,77,5,9,5,3,3,1,91,No,2,44,4,3,3,2,31,3,Yes
9921,38,Male,Divorced,Sales,Manager,5,19551,57,1,11,8,1,1,4,31,No,9,58,11,3,1,2,35,1,No
1964,40,Male,Married,Marketing,Assistant,4,9110,97,4,3,5,3,3,4,16,No,6,36,9,2,1,1,36,2,No
8244,25,Female,Married,HR,Manager,3,11411,20,7,10,0,2,2,4,23,Yes,7,32,19,3,3,2,15,2,No
6591,35,Male,Single,Sales,Manager,2,18776,72,16,12,5,2,5,3,46,No,7,56,13,2,1,4,23,1,No
8848,23,Male,Divorced,IT,Manager,2,12175,29,29,5,7,2,1,4,90,Yes,4,43,4,2,4,4,19,4,No
322,36,Male,Single,HR,Manager,3,14462,33,4,4,9,1,2,4,48,Yes,6,43,17,2,4,1,46,3,No
2679,39,Female,Single,Sales,Analyst,4,6184,58,18,1,1,1,5,1,26,No,6,48,12,2,4,4,34,2,No
4626,31,Male,Divorced,IT,Manager,4,4496,76,10,2,9,4,1,3,90,Yes,8,45,10,2,4,2,34,3,No
4950,22,Male,Single,HR,Executive,2,7714,91,29,3,0,2,5,1,73,No,5,47,19,2,1,1,21,2,No
8329,55,Female,Divorced,Marketing,Executive,3,3767,50,8,5,6,4,4,1,80,No,3,50,5,2,3,1,29,3,No
3338,43,Female,Married,Finance,Analyst,4,8932,63,22,1,9,2,4,2,73,Yes,4,51,4,4,3,4,3,1,No
5590,59,Male,Divorced,Sales,Executive,2,16038,54,29,1,3,1,3,3,2,No,3,47,10,3,2,1,49,1,No
252,44,Female,Married,HR,Analyst,3,14575,73,4,8,6,2,5,1,97,Yes,8,30,10,2,3,3,2,2,No
3974,31,Female,Divorced,Sales,Analyst,5,5369,19,10,4,6,3,3,4,12,No,6,52,12,2,3,4,38,4,No
6631,38,Male,Married,IT,Analyst,4,16750,18,24,6,0,3,3,1,89,No,4,33,0,2,1,1,3,4,No
5548,42,Female,Married,Marketing,Assistant,4,15302,94,3,11,5,1,3,2,76,No,5,36,16,4,2,3,9,4,Yes
36,58,Male,Married,Sales,Manager,4,5010,63,13,6,2,1,4,3,2,No,3,50,11,4,2,2,31,1,No
8363,36,Male,Divorced,Finance,Assistant,2,5404,60,5,4,7,4,2,4,15,No,2,53,3,3,3,2,6,3,No
1514,30,Female,Married,Finance,Executive,5,13499,69,13,7,5,4,3,1,85,Yes,6,37,6,1,2,4,38,3,No
9318,41,Female,Single,Finance,Executive,1,7270,23,12,7,2,3,2,2,72,Yes,1,52,3,2,1,4,34,2,No
40,33,Male,Married,HR,Assistant,3,19752,89,14,12,7,2,1,3,8,No,6,54,7,1,4,2,18,4,No
4820,21,Male,Divorced,Finance,Assistant,4,5856,57,12,1,8,1,3,3,42,Yes,7,49,18,2,2,1,27,4,No
3466,40,Female,Married,Finance,Analyst,1,3339,83,11,4,9,1,4,2,97,No,6,34,8,3,3,4,5,4,No
1761,28,Female,Divorced,Finance,Assistant,3,15912,83,8,10,8,2,1,2,7,Yes,8,50,0,4,1,1,1,2,No
2305,59,Female,Single,Finance,Analyst,5,17491,15,17,6,4,2,3,1,9,No,9,32,3,3,2,3,16,2,Yes
3724,48,Male,Single,HR,Manager,2,4286,60,5,9,0,3,4,2,22,Yes,7,56,15,1,3,1,49,2,No
8285,22,Female,Married,IT,Manager,2,12638,95,14,7,7,1,2,2,90,No,3,36,12,3,3,3,21,2,No
4994,56,Female,Single,Finance,Assistant,3,7258,28,2,12,4,3,2,4,7,Yes,6,44,3,2,4,2,2,1,No
8128,56,Male,Divorced,Finance,Manager,1,7539,77,4,3,2,2,4,2,59,No,8,44,19,1,4,1,29,2,No
3033,56,Female,Single,Marketing,Assistant,3,4200,83,6,10,5,1,2,2,12,Yes,5,47,10,2,1,3,31,1,No
7939,39,Male,Single,IT,Analyst,5,13946,77,26,10,8,2,1,3,82,Yes,8,56,15,2,4,4,9,1,No
3040,28,Female,Single,IT,Executive,4,3687,80,9,14,6,3,5,3,35,Yes,2,40,2,4,2,2,10,1,No
9656,29,Female,Divorced,Marketing,Executive,1,5600,89,28,14,5,3,4,2,53,Yes,6,47,15,4,4,4,36,3,Yes
2546,40,Male,Married,Finance,Analyst,1,6386,56,2,9,2,3,5,3,9,No,2,45,14,2,3,1,8,4,No
2593,26,Male,Married,Finance,Executive,2,17924,90,13,3,1,1,5,4,15,Yes,8,37,1,2,3,2,41,3,No
1189,45,Male,Single,Marketing,Manager,2,19674,36,17,13,9,1,5,3,1,Yes,2,43,10,1,4,3,2,1,No
7967,36,Male,Married,HR,Executive,2,4039,79,11,4,3,1,2,3,58,No,2,36,14,2,3,1,38,3,No
6078,59,Female,Married,Sales,Analyst,3,3677,43,20,2,1,2,3,1,38,No,1,55,18,4,1,1,13,4,No
108,54,Female,Married,Sales,Executive,3,16696,64,7,5,2,3,2,2,52,No,5,34,18,2,4,4,39,3,No
1316,48,Male,Divorced,HR,Analyst,2,5428,58,1,6,8,3,2,2,63,No,6,42,11,4,4,1,40,4,No
8188,55,Male,Single,IT,Analyst,4,6613,97,8,8,0,3,5,3,97,No,5,42,8,2,2,1,36,4,No
2754,46,Male,Divorced,Marketing,Executive,3,10782,92,27,14,7,3,4,1,95,No,7,32,16,2,2,4,28,1,No
9754,46,Male,Divorced,Marketing,Analyst,3,14447,57,29,1,8,3,5,2,72,Yes,8,45,17,4,3,4,18,4,No
6232,31,Male,Single,Sales,Manager,4,6617,60,6,8,3,2,4,2,50,Yes,3,47,19,4,2,2,6,4,Yes
2877,32,Female,Divorced,IT,Analyst,5,17482,71,19,14,6,1,5,1,52,No,4,51,19,1,1,4,24,1,No
5324,55,Female,Divorced,HR,Assistant,5,4850,43,10,7,7,4,3,3,6,Yes,7,52,13,1,3,1,12,3,No
800,38,Male,Married,HR,Assistant,4,6464,67,11,3,2,1,4,3,6,Yes,4,50,7,4,1,3,28,3,No
3571,37,Female,Single,Marketing,Analyst,1,18350,42,17,13,9,3,5,1,36,No,9,45,2,2,1,3,6,1,No
2895,38,Female,Married,Marketing,Executive,3,4677,47,2,12,7,4,4,3,69,Yes,3,51,4,2,1,3,48,1,No
2928,59,Female,Single,Finance,Analyst,2,6876,88,1,9,2,2,1,3,56,No,1,59,17,4,1,4,26,1,Yes
8179,56,Male,Single,Finance,Analyst,3,5402,43,24,11,1,1,3,1,38,No,8,59,14,1,1,3,31,2,No
972,46,Female,Married,Finance,Manager,4,13017,51,15,12,7,3,3,4,69,No,9,52,8,3,3,4,8,2,No
6688,46,Female,Single,IT,Assistant,5,7534,63,27,6,6,3,5,3,30,No,7,58,13,3,4,1,32,1,No
8576,50,Male,Married,HR,Executive,3,9787,25,29,14,9,2,4,3,68,No,7,44,7,3,1,3,44,4,No
2021,42,Male,Single,IT,Executive,4,13645,58,24,12,8,1,3,1,17,Yes,6,37,7,3,3,3,44,4,No
9055,26,Male,Married,HR,Executive,1,14005,72,28,5,6,1,1,2,19,No,1,34,1,2,1,3,49,3,No
953,52,Female,Divorced,HR,Analyst,3,5981,62,13,11,9,1,5,4,25,Yes,3,33,17,2,3,2,25,2,Yes
5360,41,Male,Single,Marketing,Manager,1,16402,54,9,14,8,2,3,1,79,No,7,35,15,3,4,1,22,1,No
3858,41,Male,Single,Finance,Assistant,3,15686,79,8,8,8,4,4,2,61,No,2,51,18,3,4,1,29,4,No
5862,53,Male,Single,Finance,Assistant,1,16583,67,26,2,8,2,1,2,62,Yes,1,37,11,1,4,2,43,3,No
3146,54,Female,Divorced,HR,Executive,4,17937,64,18,7,5,2,5,3,55,No,5,47,14,4,1,3,45,2,No
3306,39,Female,Divorced,Finance,Analyst,5,15277,58,14,12,3,2,3,2,17,Yes,5,37,3,1,4,3,38,4,No
3007,54,Female,Single,HR,Executive,3,19215,51,3,6,1,3,4,1,72,No,9,33,17,1,3,2,21,2,No
9002,38,Male,Married,IT,Manager,3,9947,46,8,1,1,3,5,4,46,Yes,3,51,12,3,1,1,9,4,No
7771,57,Male,Divorced,Sales,Manager,2,10468,93,25,13,6,2,1,3,15,Yes,1,36,5,3,4,2,22,2,No
7439,50,Male,Single,Marketing,Assistant,2,9514,63,11,4,2,2,2,3,45,Yes,4,37,5,1,2,2,35,3,Yes
7943,42,Female,Divorced,IT,Analyst,3,5983,32,19,4,0,2,3,1,63,No,2,34,15,2,1,1,21,1,Yes
9239,33,Female,Divorced,Marketing,Analyst,2,11207,99,13,8,2,1,1,4,20,Yes,4,32,2,3,1,3,3,1,Yes
1057,51,Male,Single,IT,Analyst,5,5294,91,21,1,6,3,4,4,79,Yes,1,43,6,4,1,4,34,3,No
3155,49,Male,Single,Marketing,Assistant,5,18823,84,14,4,5,1,5,4,29,Yes,8,57,15,4,3,2,45,1,No
3788,38,Female,Married,IT,Executive,2,5664,35,20,10,7,4,1,3,94,Yes,1,32,16,2,2,4,13,4,No
9190,35,Female,Single,HR,Executive,5,19348,41,17,14,9,3,2,2,59,No,5,53,2,1,3,1,42,3,No
7826,27,Female,Single,IT,Executive,1,11901,71,21,14,8,3,3,4,83,Yes,1,51,16,1,2,3,6,4,No
7540,52,Male,Married,Marketing,Assistant,2,4600,89,4,4,1,1,1,2,65,No,2,48,1,3,3,3,47,2,Yes
7232,24,Female,Single,HR,Executive,2,16125,38,15,14,7,2,1,4,35,No,9,34,2,2,3,3,41,3,No
765,33,Female,Married,Sales,Manager,3,11383,52,9,4,2,2,5,3,11,No,5,31,10,1,1,1,10,3,No
5020,35,Female,Divorced,Sales,Assistant,5,16360,81,7,8,7,3,4,2,97,Yes,1,55,13,3,2,4,24,2,No
4904,36,Male,Divorced,Sales,Manager,4,17234,81,18,6,3,1,3,3,5,Yes,1,48,16,2,4,3,1,3,No
8094,31,Female,Single,HR,Assistant,4,17241,97,16,3,1,3,3,4,38,No,2,55,19,1,2,3,25,1,No
6844,35,Female,Single,HR,Executive,3,10379,97,11,7,9,2,3,4,26,No,8,53,0,2,2,1,46,2,Yes
2166,42,Female,Married,Sales,Assistant,4,8409,22,20,5,9,1,3,4,78,Yes,5,47,3,2,4,1,22,2,Yes
1863,27,Male,Divorced,Sales,Analyst,3,4140,69,28,5,7,1,2,4,38,No,7,57,18,4,3,4,46,4,No
7851,53,Male,Married,Sales,Analyst,3,12488,46,11,13,7,1,2,1,66,No,2,34,2,1,3,1,35,3,Yes
9124,38,Male,Married,HR,Manager,3,4425,68,8,11,1,2,3,1,1,No,9,58,6,3,1,1,9,3,No
2341,59,Female,Divorced,Marketing,Analyst,4,7032,44,12,3,2,2,3,1,43,Yes,7,51,16,3,1,4,2,1,Yes
5528,54,Male,Single,IT,Assistant,5,7855,78,21,13,2,2,4,3,56,No,2,51,4,4,1,1,45,1,No
6744,58,Female,Single,HR,Assistant,5,12734,83,9,2,2,2,1,4,24,No,1,45,10,1,1,2,26,2,No
4004,48,Female,Single,Marketing,Assistant,3,13775,78,8,11,9,3,1,1,61,No,3,39,13,4,2,1,35,1,Yes
1124,21,Male,Divorced,IT,Analyst,1,15447,80,7,5,7,4,2,4,84,Yes,5,43,19,2,1,1,5,2,Yes
8710,49,Male,Divorced,HR,Executive,5,11416,48,14,6,6,3,1,3,82,No,5,40,19,4,3,4,43,2,Yes
4050,48,Female,Married,HR,Analyst,3,10566,54,9,1,5,4,1,2,4,Yes,9,49,9,4,1,3,48,4,Yes
7641,57,Male,Single,Marketing,Assistant,2,11127,93,12,4,5,4,1,2,98,No,2,36,13,1,1,4,48,4,No
766,43,Male,Single,HR,Assistant,3,5799,18,13,11,1,2,3,3,16,Yes,6,35,4,3,4,2,18,4,No
2345,30,Female,Married,Sales,Manager,5,5069,36,24,8,1,2,4,1,82,No,4,30,19,1,2,1,1,1,No
4072,35,Female,Single,Finance,Analyst,4,16379,41,11,14,1,3,4,2,77,No,3,42,19,1,2,3,36,4,No
7217,21,Male,Single,Sales,Analyst,2,12780,69,15,13,5,1,3,4,64,No,2,53,10,2,4,4,43,2,No
4217,25,Male,Divorced,Sales,Manager,5,3367,71,28,6,6,4,2,2,44,No,5,58,10,3,2,1,27,3,No
7953,24,Female,Divorced,Sales,Manager,4,4075,96,16,6,4,4,2,4,56,No,2,32,16,1,1,1,3,2,No
5971,33,Male,Divorced,IT,Analyst,3,4912,73,25,10,2,4,5,3,28,Yes,8,55,3,4,3,4,49,1,No
3351,40,Female,Single,HR,Manager,4,13180,21,11,11,2,2,4,3,27,No,1,39,0,2,2,3,11,4,No
4696,22,Female,Single,HR,Analyst,5,9892,94,1,1,0,2,3,3,85,Yes,8,49,9,4,2,4,15,1,Yes
3400,55,Female,Married,Sales,Manager,4,17794,22,23,13,2,4,2,1,47,No,2,43,3,3,2,3,29,4,No
4082,48,Male,Divorced,IT,Analyst,2,12472,27,5,13,1,3,3,1,49,No,5,39,12,2,2,3,46,1,No
9150,28,Male,Married,Marketing,Analyst,1,6713,77,11,5,8,2,2,3,44,Yes,6,50,11,1,1,1,36,1,No
1225,59,Male,Divorced,Finance,Manager,4,8382,24,11,7,7,4,2,1,54,Yes,4,51,7,2,3,4,20,3,No
6293,43,Male,Married,HR,Analyst,5,12647,80,27,3,3,1,1,4,28,No,2,45,11,1,2,4,12,2,No
3123,36,Female,Married,HR,Manager,1,14727,83,3,3,3,3,4,4,27,No,2,31,12,2,1,4,21,2,No
511,35,Female,Single,IT,Analyst,5,18754,95,15,5,1,1,2,3,47,No,8,41,14,1,3,4,38,2,Yes
5795,34,Female,Single,Sales,Manager,5,16759,41,21,13,0,3,5,1,49,Yes,8,34,3,1,2,4,33,3,No
8182,41,Male,Divorced,HR,Assistant,3,16191,20,7,3,2,2,3,1,53,No,2,35,1,1,2,1,6,2,No
9418,27,Male,Divorced,Marketing,Executive,4,19471,78,8,14,1,2,2,4,40,No,5,35,18,1,4,2,12,3,Yes
97,27,Male,Divorced,Sales,Executive,4,13090,31,12,10,8,3,4,1,93,No,3,45,19,4,2,3,35,4,No
6682,29,Female,Married,HR,Manager,2,4643,37,6,6,9,4,1,4,63,No,1,37,4,2,1,3,34,3,No
1513,48,Male,Divorced,Finance,Manager,3,6268,99,18,6,8,1,1,3,17,Yes,5,52,19,1,2,3,21,1,Yes
8792,31,Male,Divorced,Marketing,Executive,5,15108,41,26,1,2,2,1,4,96,No,5,42,15,2,3,2,13,1,No
120,28,Female,Married,Sales,Executive,5,17067,88,1,1,5,2,2,2,87,No,5,50,5,2,2,1,33,3,No
7792,38,Female,Married,Finance,Assistant,2,16665,90,6,1,2,2,5,3,11,Yes,2,43,3,4,4,2,21,3,No
6518,22,Male,Single,Sales,Manager,3,12688,35,7,10,5,2,5,4,32,Yes,7,48,1,4,2,2,27,2,No
34,40,Female,Divorced,Marketing,Manager,1,13665,45,27,9,6,4,3,3,45,No,1,56,4,1,4,1,17,3,No
7888,29,Male,Divorced,Marketing,Assistant,5,11008,16,26,4,0,3,3,2,30,Yes,5,44,14,2,2,2,43,3,No
6831,26,Male,Married,Sales,Analyst,3,6962,40,29,8,8,2,1,1,9,No,6,37,17,1,2,3,37,3,Yes
5422,38,Male,Single,HR,Assistant,2,3743,64,26,11,4,3,1,4,84,No,3,40,10,2,3,4,46,2,Yes
1069,47,Male,Divorced,Marketing,Manager,1,19209,55,1,1,9,1,4,3,1,No,6,59,3,3,4,2,45,2,No
1348,44,Female,Divorced,Marketing,Analyst,4,8220,38,19,2,7,3,4,2,9,Yes,5,51,0,1,2,4,9,1,Yes
4748,57,Male,Married,HR,Manager,4,8993,83,8,8,2,4,2,3,65,No,8,55,15,2,1,1,27,3,No
6006,35,Female,Divorced,Finance,Executive,2,15647,54,4,4,8,1,2,4,39,No,2,31,11,3,1,4,16,2,No
6040,52,Male,Single,Marketing,Analyst,1,15457,40,25,12,6,4,3,4,5,No,7,34,8,2,1,4,16,2,No
3818,43,Female,Single,IT,Assistant,2,4610,82,19,13,9,3,3,1,46,Yes,4,31,19,2,4,3,17,1,No
8447,27,Male,Single,IT,Analyst,4,10092,71,2,7,1,3,2,4,30,No,4,38,1,3,1,1,19,3,No
5270,51,Female,Married,Sales,Manager,5,5580,77,9,4,2,2,1,2,76,Yes,4,32,13,3,3,1,25,1,No
6898,24,Male,Single,Marketing,Manager,5,19152,62,26,2,6,3,3,1,75,Yes,9,48,6,3,4,1,44,2,No
5310,53,Male,Divorced,IT,Manager,2,14396,61,22,10,4,2,2,1,43,No,6,58,15,4,1,2,20,4,No
32,56,Male,Married,IT,Analyst,3,15169,31,28,5,8,1,4,4,40,No,1,34,4,1,3,4,23,3,Yes
5675,58,Male,Divorced,Sales,Analyst,3,15961,40,1,6,4,3,2,1,86,No,6,39,0,3,3,2,31,4,No
4387,27,Female,Divorced,Marketing,Executive,2,9820,36,27,9,0,4,1,4,3,No,4,33,15,1,3,3,31,2,Yes
30,34,Female,Divorced,IT,Executive,5,16985,28,2,14,1,1,3,1,76,No,6,42,9,2,2,3,14,3,No
4203,39,Male,Divorced,Finance,Assistant,1,7786,32,18,14,7,3,2,2,0,No,1,48,15,4,1,2,28,1,Yes
7508,26,Male,Single,Marketing,Manager,1,3279,44,27,6,3,1,2,1,36,No,8,46,19,2,4,4,27,1,No
736,37,Female,Married,Marketing,Manager,2,12857,95,26,13,7,3,5,3,13,No,7,50,10,2,4,4,32,1,Yes
2068,53,Male,Single,Marketing,Executive,1,10996,25,21,14,3,3,5,1,4,No,6,49,5,4,3,4,46,4,No
107,46,Male,Married,Finance,Analyst,1,16966,52,11,10,8,1,5,4,73,No,6,37,17,4,4,4,34,2,No
9645,23,Female,Divorced,IT,Manager,4,15641,83,20,2,1,4,5,3,2,No,8,43,1,4,4,2,13,3,No
8895,40,Male,Divorced,Finance,Executive,5,9905,18,13,10,6,2,5,3,69,No,5,59,2,2,3,2,1,4,No
8021,48,Male,Divorced,IT,Executive,3,6185,97,2,4,0,1,4,3,31,Yes,6,55,4,2,4,2,24,4,No
2233,36,Female,Married,Marketing,Executive,3,15817,71,9,8,2,3,5,1,11,No,4,39,11,3,1,1,48,4,Yes
994,24,Female,Married,HR,Assistant,3,4789,88,9,3,6,4,2,4,89,Yes,7,45,1,1,4,1,6,2,No
9413,52,Male,Single,IT,Executive,2,17287,66,2,9,2,1,4,1,38,Yes,6,34,17,3,1,4,40,1,No
7059,41,Female,Divorced,Sales,Executive,2,5014,74,28,5,3,4,3,3,87,No,1,52,4,1,1,2,45,3,No
6790,54,Female,Single,Sales,Executive,4,17945,21,24,9,2,4,2,4,72,Yes,4,32,3,1,2,4,47,4,No
361,51,Male,Single,Finance,Assistant,4,3376,33,14,4,3,4,1,2,4,No,1,54,17,4,2,3,30,2,No
305,51,Female,Single,Sales,Analyst,3,5702,20,1,1,5,2,4,3,53,Yes,7,49,3,4,1,1,1,3,No
2628,55,Male,Divorced,Sales,Manager,5,9304,96,16,9,3,2,3,1,42,No,4,55,13,2,1,3,15,2,No
8966,31,Female,Divorced,Finance,Assistant,4,13186,67,21,11,4,1,2,4,87,Yes,9,50,7,2,4,2,34,4,No
4514,32,Female,Divorced,Sales,Executive,1,6174,69,4,1,9,1,3,1,52,No,6,51,4,4,4,2,6,3,Yes
5911,31,Male,Married,HR,Manager,1,16553,71,9,8,7,4,5,1,64,Yes,9,40,4,1,1,4,10,3,No
8314,40,Male,Single,IT,Assistant,1,18486,47,21,4,0,4,5,4,5,Yes,7,46,0,2,3,2,49,2,Yes
3101,45,Male,Single,Marketing,Assistant,1,18838,93,19,3,4,3,2,3,31,No,4,57,14,3,3,1,11,3,No
5704,23,Male,Divorced,Marketing,Assistant,4,3421,96,11,1,3,1,2,4,70,No,1,51,18,2,2,3,47,2,Yes
3899,52,Female,Single,Sales,Assistant,3,18946,96,27,2,4,2,2,4,36,No,5,48,0,4,1,1,15,1,No
5441,27,Female,Divorced,IT,Manager,4,7311,94,17,8,9,4,5,3,72,No,6,37,4,2,2,4,31,3,No
7931,48,Male,Married,Finance,Assistant,3,17637,95,4,12,8,2,2,2,83,Yes,7,44,14,1,3,3,43,4,Yes
622,29,Female,Single,IT,Manager,2,15609,45,17,2,2,1,2,4,20,Yes,9,42,19,1,2,2,28,2,No
7236,56,Female,Divorced,Finance,Analyst,1,13315,66,28,6,4,4,2,2,71,Yes,5,54,11,4,4,1,28,4,No
2499,43,Female,Single,Finance,Executive,5,15367,31,1,14,3,1,5,3,30,Yes,1,43,0,2,4,4,20,3,No
714,21,Male,Divorced,IT,Analyst,1,12020,92,4,8,8,4,4,2,75,No,5,33,8,4,3,2,48,3,No
8404,29,Male,Married,Finance,Assistant,4,19402,44,1,1,5,2,5,1,70,Yes,6,36,14,1,3,3,12,3,Yes
2856,27,Female,Single,Sales,Manager,3,6512,28,19,12,3,2,2,2,66,Yes,7,37,15,1,1,1,8,2,No
4270,38,Female,Single,Finance,Executive,2,11027,58,25,12,2,4,4,1,18,Yes,8,54,8,3,2,3,6,4,No
2909,24,Female,Single,HR,Analyst,5,3915,67,17,11,4,3,5,4,73,Yes,2,51,19,2,1,3,49,1,No
8081,56,Male,Single,HR,Assistant,1,6650,73,1,1,0,2,2,2,85,Yes,3,55,18,1,2,4,31,3,No
4517,52,Female,Married,IT,Executive,1,19129,82,2,12,2,2,3,2,51,Yes,5,51,18,4,4,2,44,1,No
1262,26,Male,Divorced,Marketing,Executive,4,4565,48,18,13,6,2,1,1,21,Yes,2,48,2,3,2,1,7,4,No
3161,56,Female,Single,Finance,Manager,5,7917,15,17,12,9,2,5,3,65,Yes,8,47,19,1,4,2,10,2,No
971,45,Male,Divorced,Finance,Manager,5,13931,63,6,4,4,1,4,4,19,Yes,4,57,12,1,1,4,49,4,No
3913,38,Male,Divorced,Marketing,Manager,2,18324,92,25,5,2,4,4,1,82,Yes,9,39,7,4,3,4,32,4,Yes
5199,21,Female,Single,Finance,Assistant,3,11460,16,5,3,9,3,5,4,52,Yes,1,32,16,3,1,1,21,4,No
8847,20,Female,Married,IT,Analyst,4,7974,69,13,2,4,1,4,2,90,Yes,6,38,7,1,3,3,16,1,No
260,35,Male,Single,Marketing,Analyst,3,15931,69,9,3,2,4,5,1,35,Yes,7,49,12,4,1,2,2,3,No
3791,48,Female,Single,Finance,Assistant,5,6234,64,4,12,9,4,3,1,72,No,7,40,8,1,1,2,24,3,Yes
9203,36,Male,Divorced,Sales,Executive,4,12055,45,26,9,9,2,2,3,25,Yes,9,40,14,1,1,3,7,1,Yes
488,39,Male,Single,IT,Assistant,1,19485,72,24,13,4,2,4,1,11,No,6,49,4,4,1,1,9,3,No
7908,35,Male,Single,HR,Manager,4,19848,24,8,1,3,3,3,1,62,No,3,39,17,1,2,2,35,2,No
519,48,Female,Single,Marketing,Assistant,1,18105,70,14,9,8,3,5,2,64,No,2,54,16,4,2,2,19,4,No
8343,20,Male,Divorced,IT,Assistant,5,13823,15,28,6,8,3,1,4,34,Yes,6,30,4,2,3,3,2,2,No
312,22,Female,Divorced,HR,Assistant,3,15899,92,8,6,2,1,3,1,23,No,9,33,1,1,2,1,49,3,No
3232,39,Male,Divorced,HR,Executive,4,8945,43,10,8,3,4,5,4,51,Yes,1,52,10,1,3,3,30,1,Yes
7933,46,Female,Divorced,IT,Manager,2,19379,46,28,11,0,3,4,3,28,No,4,37,5,4,3,3,12,2,No
7458,51,Female,Divorced,Finance,Assistant,1,17641,18,8,4,7,3,5,2,38,No,2,48,4,4,4,2,21,3,Yes
9784,58,Female,Divorced,Finance,Manager,2,17794,70,10,6,8,2,2,3,9,No,9,36,7,1,1,2,7,4,No
5184,42,Male,Married,Sales,Executive,3,8850,37,26,7,1,1,2,2,54,No,7,56,4,3,2,2,19,4,No
8077,26,Female,Married,Sales,Manager,5,11174,99,11,2,1,3,2,1,55,No,9,53,15,4,2,3,7,2,No
6502,59,Male,Single,Finance,Manager,1,12768,19,11,7,7,4,2,3,70,No,4,55,7,2,4,3,11,1,Yes
6791,50,Male,Divorced,HR,Executive,1,10825,24,14,10,6,2,3,2,12,No,5,34,16,2,2,2,48,4,No
7773,24,Male,Divorced,IT,Executive,2,4659,91,7,3,0,3,3,1,21,Yes,2,37,4,1,4,2,31,2,No
2738,57,Female,Divorced,HR,Manager,2,6265,16,8,1,4,3,2,1,40,Yes,1,35,14,3,3,2,49,1,No
7842,28,Male,Divorced,Marketing,Assistant,5,14029,36,29,13,1,2,4,1,70,No,1,49,12,3,2,2,25,2,No
6262,21,Female,Divorced,Finance,Analyst,1,7782,69,9,5,4,4,3,3,7,No,6,56,1,1,2,2,10,3,No
8206,47,Male,Married,Sales,Manager,2,3258,72,15,13,9,2,4,4,30,No,5,55,4,4,4,1,44,4,No
1248,56,Male,Divorced,Marketing,Assistant,2,7577,85,12,8,1,2,3,3,52,No,8,32,5,4,2,2,9,1,No
9336,44,Male,Married,Marketing,Manager,5,9609,44,2,7,8,1,5,4,57,Yes,2,59,2,3,1,3,23,4,No
4195,34,Male,Divorced,Marketing,Executive,5,5364,32,20,6,2,3,4,1,64,No,5,35,17,3,4,2,9,2,No
8001,54,Female,Divorced,Finance,Executive,3,5064,32,10,14,0,4,5,4,61,No,8,46,0,4,2,3,8,4,No
7378,41,Male,Divorced,HR,Analyst,5,9508,37,10,1,1,1,2,3,45,Yes,6,36,14,2,4,3,34,1,No
3435,47,Male,Single,Sales,Assistant,5,16497,77,15,14,1,2,3,2,40,No,2,48,16,4,3,3,44,3,Yes
5382,37,Female,Single,Marketing,Assistant,4,6416,75,24,6,5,1,5,3,93,Yes,2,50,0,4,4,3,24,2,No
959,34,Male,Single,Sales,Analyst,4,7008,35,23,1,4,2,4,1,25,No,7,48,8,3,3,2,20,4,No
417,50,Male,Divorced,IT,Manager,2,19654,50,13,11,6,1,1,3,26,Yes,8,47,13,2,4,3,25,4,No
5742,53,Female,Married,Marketing,Analyst,5,17547,59,10,5,4,2,3,3,52,Yes,1,45,17,3,1,2,26,1,Yes
6728,26,Female,Married,Sales,Manager,4,4509,61,8,9,9,1,3,4,56,Yes,1,59,14,3,3,1,49,1,No
4382,56,Female,Single,Finance,Manager,5,11696,86,18,14,0,1,3,1,42,No,4,39,16,1,2,1,8,1,No
5197,20,Female,Divorced,HR,Analyst,4,10455,24,15,4,7,4,4,3,8,No,8,37,7,2,1,4,49,3,No
1113,26,Female,Married,HR,Executive,1,17626,77,16,7,8,4,3,1,95,Yes,2,48,4,1,4,2,34,1,No
2689,38,Male,Married,Sales,Executive,2,15380,43,2,6,6,3,3,2,80,Yes,5,59,6,2,4,2,34,4,Yes
6473,33,Male,Divorced,HR,Executive,1,6659,65,11,10,9,1,2,1,76,No,8,54,13,4,1,3,13,3,Yes
8820,21,Male,Divorced,HR,Executive,2,6105,20,13,6,3,4,2,2,89,No,9,47,12,3,4,2,15,2,Yes
7808,41,Female,Single,Marketing,Executive,4,15441,71,4,12,3,4,2,1,21,Yes,8,46,18,3,3,4,36,2,Yes
3411,27,Female,Divorced,HR,Manager,5,18741,47,3,11,0,4,3,4,68,Yes,7,41,3,1,3,2,48,1,No
81,28,Male,Married,IT,Executive,4,4005,49,26,7,9,2,3,2,3,No,3,59,12,3,3,3,21,4,No
4614,32,Female,Married,HR,Analyst,2,11403,50,28,3,2,1,1,2,76,Yes,4,32,10,4,2,1,20,2,No
1374,44,Female,Divorced,HR,Assistant,1,16389,52,21,5,9,2,5,1,36,No,9,59,0,3,1,3,40,3,Yes
1510,58,Male,Divorced,Finance,Assistant,2,3129,75,27,6,4,4,1,4,44,Yes,3,45,2,2,2,1,3,4,No
6443,52,Male,Married,Sales,Analyst,5,12559,21,15,9,7,3,5,4,18,No,8,53,1,2,2,4,34,4,Yes
3071,37,Male,Single,IT,Manager,1,9926,20,7,14,0,2,1,1,90,No,4,42,13,4,1,3,13,2,Yes
3016,57,Female,Single,Marketing,Analyst,3,13919,85,20,10,9,4,2,2,60,Yes,8,59,6,1,2,4,25,3,No
4823,58,Male,Single,HR,Executive,5,9179,83,8,9,3,1,2,2,36,No,5,57,9,3,3,3,4,4,No
7822,48,Female,Single,Finance,Manager,2,14968,76,29,12,7,2,2,3,7,No,5,46,19,3,3,4,26,2,No
93,58,Male,Single,HR,Executive,1,19555,52,4,2,2,4,3,4,58,No,9,50,5,2,2,4,48,3,No
9421,44,Female,Single,HR,Assistant,2,5084,71,21,8,6,3,4,4,40,No,6,44,18,2,2,2,25,2,No
6600,25,Male,Married,Marketing,Analyst,4,16457,48,18,2,2,2,4,1,44,No,4,53,5,4,4,2,28,4,No
4443,51,Female,Married,IT,Manager,3,12758,87,18,11,5,3,2,3,22,No,9,49,10,4,3,4,27,4,No
7602,59,Male,Single,HR,Executive,2,9739,83,15,9,7,4,2,2,72,No,2,57,13,3,1,3,11,4,No
3835,53,Female,Divorced,Marketing,Manager,1,5966,17,7,11,6,1,4,3,32,Yes,8,34,17,4,3,3,36,1,No
9702,55,Male,Divorced,IT,Analyst,4,4885,86,16,3,5,1,4,3,20,Yes,9,31,2,2,2,4,31,1,No
4322,39,Female,Single,Marketing,Assistant,1,19975,94,25,10,7,4,5,2,5,Yes,8,44,4,4,2,1,21,4,No
3394,44,Female,Married,Finance,Assistant,3,4478,54,22,14,4,4,1,3,61,Yes,4,37,2,1,3,1,29,3,No
4752,54,Male,Divorced,IT,Manager,1,4737,36,29,14,8,3,5,3,84,No,7,31,17,2,4,2,9,4,No
7229,51,Female,Single,Sales,Analyst,2,15763,99,1,11,0,1,4,4,83,No,1,51,8,1,4,4,19,3,No
9191,40,Female,Divorced,IT,Executive,2,15428,74,23,11,9,2,1,2,10,Yes,7,35,0,4,2,4,13,3,Yes
2361,42,Male,Married,IT,Executive,1,10043,77,14,3,7,1,5,4,73,Yes,2,56,15,1,2,2,13,3,No
1148,36,Female,Divorced,Finance,Assistant,3,19411,83,26,2,4,4,5,1,39,No,2,47,14,2,3,2,26,2,Yes
5666,31,Male,Married,Sales,Manager,1,16003,79,14,14,8,1,4,4,86,No,1,38,19,4,2,2,20,1,Yes
8075,31,Female,Married,HR,Executive,4,17673,42,27,8,6,3,3,3,90,Yes,8,55,18,1,1,3,46,4,No
4943,42,Female,Divorced,HR,Assistant,4,4091,39,28,6,5,2,4,3,86,No,3,32,11,2,2,3,47,3,No
3663,35,Male,Single,Finance,Analyst,3,19936,21,7,5,8,2,4,1,64,Yes,7,43,4,3,1,1,19,2,Yes
1563,26,Female,Single,Finance,Analyst,4,9595,44,22,8,5,1,5,4,26,No,4,46,19,4,2,4,33,4,No
4113,59,Female,Married,Finance,Manager,4,10915,36,27,8,7,2,5,1,94,Yes,3,33,19,4,3,1,47,1,No
9050,44,Male,Divorced,Finance,Analyst,1,9389,37,23,6,7,2,5,1,55,No,7,54,10,1,3,4,45,2,Yes
9276,36,Male,Divorced,Marketing,Assistant,1,19179,25,20,5,2,4,5,1,15,Yes,6,59,9,2,1,3,13,3,No
8538,34,Female,Single,HR,Analyst,3,7187,61,3,10,0,3,3,2,25,Yes,8,32,16,1,3,3,30,2,No
795,55,Female,Divorced,IT,Executive,2,14904,49,8,14,5,4,1,1,62,Yes,9,39,7,2,4,4,33,2,No
5854,28,Male,Single,IT,Manager,4,6079,86,22,14,5,2,5,2,99,Yes,5,56,17,2,2,1,32,4,No
7619,47,Male,Single,HR,Manager,5,4710,29,22,4,6,4,2,1,59,No,8,52,2,3,3,4,19,3,No
1594,51,Female,Divorced,IT,Manager,1,3435,87,5,12,5,1,3,2,84,No,1,49,17,4,1,1,31,2,No
7418,58,Male,Single,HR,Assistant,2,5256,92,8,13,6,1,2,3,31,No,6,49,17,4,1,3,37,1,No
5267,44,Female,Married,IT,Analyst,2,5772,21,28,6,6,3,3,2,64,No,5,59,19,4,1,1,13,1,No
7147,54,Male,Divorced,Sales,Manager,2,6422,26,23,8,9,1,4,2,79,No,8,51,7,2,1,3,27,4,No
89,54,Male,Married,Marketing,Analyst,3,12089,95,28,11,2,4,5,3,66,Yes,1,57,8,2,3,4,20,4,No
8695,27,Male,Divorced,IT,Executive,5,19752,73,10,14,5,2,3,1,27,No,5,33,15,2,1,1,1,1,No
9732,56,Female,Married,Finance,Assistant,1,11496,83,9,6,8,4,2,3,25,Yes,5,35,12,1,2,1,13,3,No
9446,23,Female,Married,IT,Executive,1,8021,24,22,13,6,4,2,1,25,Yes,2,31,7,4,1,3,44,4,No
6754,22,Female,Divorced,Sales,Analyst,5,4305,25,21,11,7,4,1,4,36,No,9,57,18,2,4,2,28,4,No
3502,37,Male,Single,HR,Executive,4,19127,24,4,6,7,1,3,2,21,No,4,35,3,3,1,1,28,2,No
2234,28,Female,Single,Finance,Analyst,4,14560,92,24,9,0,1,1,2,96,No,2,52,6,1,1,3,45,1,No
2803,21,Male,Married,IT,Executive,1,17617,29,24,14,8,3,2,4,15,No,6,49,12,2,3,2,43,3,No
4424,36,Female,Married,HR,Assistant,2,4419,23,20,1,5,4,5,4,69,Yes,9,41,7,3,1,4,4,1,No
5663,32,Male,Single,Finance,Assistant,4,15517,45,15,14,1,1,3,3,35,Yes,1,47,13,4,4,3,15,3,Yes
7170,55,Male,Divorced,IT,Analyst,4,4823,48,20,10,0,2,1,4,13,No,6,36,17,2,3,4,37,2,No
8337,32,Female,Divorced,Marketing,Analyst,5,5147,16,22,7,0,4,1,4,85,No,3,35,2,3,4,1,27,2,No
2148,48,Female,Married,Marketing,Manager,4,17744,73,14,3,2,4,1,4,85,Yes,6,32,11,4,2,2,25,3,No
7969,52,Female,Single,Finance,Assistant,5,11312,54,15,10,7,4,5,1,20,Yes,2,52,12,4,4,4,20,2,No
6551,29,Male,Single,Sales,Analyst,3,7297,60,28,11,6,1,4,2,80,No,3,35,3,2,3,1,48,2,No
7643,45,Female,Divorced,HR,Analyst,4,16375,22,19,5,3,4,2,3,85,No,8,41,10,1,2,3,45,2,Yes
6164,33,Male,Single,HR,Manager,2,5270,54,6,9,0,2,4,2,71,Yes,6,50,11,3,1,3,23,2,Yes
1495,30,Female,Single,IT,Assistant,5,16139,84,1,9,3,3,4,1,88,Yes,6,30,6,2,3,3,28,2,No
7696,31,Male,Single,Sales,Manager,1,15446,44,26,10,2,1,3,1,71,No,5,56,4,2,4,1,25,4,No
7094,31,Female,Married,Sales,Manager,3,15839,26,26,6,6,1,2,3,75,Yes,8,55,16,4,1,4,40,1,Yes
1409,36,Male,Divorced,HR,Manager,1,15002,57,27,5,7,1,5,1,35,No,9,48,14,2,1,1,48,2,No
6691,58,Male,Divorced,Finance,Assistant,3,12750,76,9,11,8,3,3,2,30,No,8,40,18,4,3,1,47,3,No
3401,32,Male,Married,Sales,Executive,3,6190,87,29,1,1,2,5,3,98,Yes,8,44,4,1,1,4,21,2,Yes
109,20,Male,Single,Finance,Assistant,3,15402,88,24,4,0,3,2,4,25,No,6,54,9,1,3,3,21,1,Yes
5636,59,Male,Divorced,Finance,Manager,4,14662,90,25,7,0,1,2,2,53,Yes,7,33,8,4,3,2,14,4,No
8482,20,Female,Divorced,Marketing,Assistant,4,18425,76,27,12,0,1,2,3,78,Yes,1,31,10,1,3,4,48,2,No
6604,20,Female,Single,Sales,Assistant,3,4206,36,16,8,0,2,2,2,53,Yes,8,38,0,4,3,2,23,1,No
1091,22,Female,Married,Sales,Analyst,5,10105,48,8,4,5,4,2,4,65,Yes,5,33,14,1,2,1,31,1,No
5560,46,Female,Single,IT,Analyst,1,18102,70,19,6,3,1,4,3,1,No,2,54,9,2,3,3,5,3,No
9412,30,Female,Divorced,Marketing,Assistant,3,16138,39,15,2,6,1,2,1,56,Yes,2,53,4,3,1,1,24,3,No
8143,58,Male,Married,Marketing,Assistant,3,7080,37,7,7,0,2,1,2,84,No,5,42,2,4,1,1,43,3,No
8664,32,Female,Divorced,IT,Executive,5,14124,88,22,1,5,2,5,2,20,No,8,51,10,4,3,2,18,2,No
6596,47,Male,Divorced,Sales,Assistant,1,14073,71,1,7,6,1,4,3,87,No,4,40,13,2,4,3,7,3,No
624,24,Female,Single,IT,Executive,1,17763,67,22,5,8,2,1,2,8,No,4,54,13,2,2,3,47,2,No
6871,49,Male,Divorced,Marketing,Analyst,1,14184,36,14,12,9,1,5,1,48,Yes,1,58,18,3,2,1,45,1,No
4814,27,Male,Single,Sales,Manager,4,15433,65,9,7,8,2,3,2,34,No,1,41,8,2,1,3,36,4,No
6553,32,Male,Divorced,IT,Executive,5,3040,16,1,4,3,3,2,3,84,No,5,55,11,3,3,3,8,1,No
7530,38,Male,Married,Marketing,Analyst,4,18208,52,13,12,6,1,2,2,3,No,4,56,9,2,1,2,39,1,No
5796,55,Female,Married,Sales,Analyst,3,4153,77,23,14,5,3,4,3,35,Yes,8,43,19,4,1,2,15,3,No
7437,56,Male,Married,Finance,Analyst,5,4806,80,28,9,0,2,1,3,22,No,4,59,3,4,4,3,12,3,No
4218,44,Male,Divorced,IT,Manager,5,8308,28,2,6,2,4,5,4,25,Yes,4,35,0,2,4,3,26,2,Yes
5941,41,Female,Married,Sales,Analyst,4,5905,30,27,8,9,2,1,1,72,Yes,1,48,16,2,3,2,49,2,No
8501,27,Male,Divorced,Finance,Analyst,3,11861,29,18,6,7,4,2,3,46,Yes,8,37,7,1,1,4,18,3,Yes
6429,28,Female,Single,Sales,Manager,5,13421,48,13,8,1,3,5,2,69,Yes,7,34,7,1,2,2,20,2,No
6827,22,Female,Single,Finance,Analyst,1,18529,28,18,1,4,1,3,1,44,Yes,9,53,19,3,1,3,11,4,No
4131,58,Male,Married,IT,Executive,3,14203,44,23,10,8,4,1,3,75,Yes,1,52,11,2,2,3,7,2,No
7802,40,Female,Married,Marketing,Assistant,1,7294,57,26,13,1,4,2,2,1,Yes,9,38,1,1,2,1,3,4,No
7754,27,Male,Divorced,IT,Manager,1,13217,51,11,4,7,1,1,3,42,Yes,7,53,8,3,2,3,24,4,No
4722,58,Female,Divorced,HR,Manager,1,17323,55,15,5,8,2,5,2,48,No,3,43,16,1,3,3,37,1,No
1651,32,Female,Single,HR,Manager,5,9652,46,26,3,6,2,3,4,74,No,3,36,8,4,1,3,16,4,No
4141,47,Male,Divorced,IT,Assistant,2,11981,43,19,11,8,1,4,3,61,Yes,3,48,6,3,2,1,31,4,No
1618,45,Female,Single,Marketing,Analyst,1,12162,79,24,6,7,1,4,1,78,No,1,47,1,4,3,1,40,1,No
2030,41,Male,Divorced,Marketing,Analyst,4,16270,26,15,3,4,1,2,4,24,Yes,6,41,11,4,3,1,3,4,No
8518,22,Male,Married,Finance,Manager,4,16770,35,26,8,4,3,2,4,9,No,6,47,8,1,3,4,21,1,No
4576,59,Male,Divorced,HR,Analyst,3,12693,22,19,13,5,2,1,2,18,Yes,1,30,11,2,3,4,23,3,Yes
3993,41,Female,Single,Finance,Analyst,1,12488,62,4,10,6,1,3,2,23,Yes,4,32,1,1,1,4,5,2,No
7377,54,Male,Divorced,Sales,Manager,1,13306,82,21,1,7,1,4,2,62,Yes,5,59,3,2,2,3,18,2,No
6150,52,Female,Divorced,IT,Manager,2,14606,49,17,5,8,4,3,2,88,No,7,55,0,3,2,1,34,1,No
4909,35,Female,Single,HR,Manager,4,7755,51,18,13,6,1,5,2,48,Yes,4,48,8,3,3,3,24,3,No
5027,40,Male,Single,IT,Assistant,4,9393,25,20,3,3,4,1,1,54,Yes,5,58,8,1,1,2,2,4,No
8261,57,Female,Single,Finance,Manager,5,8246,94,18,4,0,1,5,4,47,No,3,51,1,2,1,2,39,1,No
4732,56,Female,Married,Marketing,Manager,5,11632,60,2,7,6,4,5,3,20,No,3,41,7,3,4,3,26,4,No
7549,39,Male,Divorced,Sales,Executive,3,17048,68,24,13,8,4,4,4,31,Yes,4,59,0,4,3,3,36,1,Yes
8135,32,Male,Divorced,Sales,Assistant,4,4999,28,9,2,0,2,2,2,17,Yes,4,30,13,3,4,4,43,2,No
1607,52,Male,Married,Finance,Assistant,5,11358,82,8,4,9,4,1,2,56,Yes,1,35,1,4,4,2,12,1,No
4774,36,Female,Divorced,Marketing,Manager,4,7392,52,6,8,9,1,2,3,49,No,7,30,1,1,2,4,2,4,No
8110,30,Male,Married,Finance,Manager,3,5983,71,22,14,6,3,4,2,10,No,2,37,11,1,3,3,48,1,Yes
6952,25,Female,Married,IT,Assistant,5,15955,57,3,3,2,4,5,1,15,No,1,55,15,3,3,1,19,2,No
6005,52,Male,Married,IT,Executive,4,7163,22,24,4,4,1,5,4,90,No,3,47,9,4,3,2,49,4,No
7729,47,Male,Single,IT,Analyst,5,7815,73,18,6,6,4,1,4,76,No,5,46,18,2,3,1,20,1,Yes
3542,46,Female,Single,HR,Executive,3,11127,33,5,9,9,3,3,1,14,No,3,55,13,4,1,2,2,1,No
389,48,Female,Married,Finance,Executive,5,13429,60,5,7,9,2,5,4,49,No,6,51,1,1,3,2,1,2,No
1795,53,Female,Married,Sales,Manager,2,14850,26,5,12,6,3,3,3,36,Yes,3,34,1,1,1,1,34,4,Yes
8732,44,Male,Divorced,Sales,Assistant,5,14882,27,20,9,4,2,1,3,14,Yes,7,30,7,1,1,2,25,1,No
4920,45,Male,Married,Finance,Executive,2,5915,66,13,13,8,1,2,2,64,No,4,32,17,3,3,2,14,2,No
5538,27,Female,Divorced,Finance,Assistant,5,16996,67,4,2,6,2,3,4,84,No,2,35,14,4,2,4,28,1,No
3873,28,Female,Single,Finance,Analyst,1,18684,97,25,1,0,3,5,3,67,No,1,46,2,2,3,2,38,1,No
8869,20,Male,Divorced,HR,Assistant,1,4319,89,10,13,4,3,4,1,41,Yes,2,46,15,2,2,4,37,1,No
2255,20,Female,Single,Marketing,Executive,1,19465,30,4,1,2,4,1,1,83,Yes,9,33,11,2,3,4,37,1,No
3413,23,Female,Married,Sales,Executive,4,19570,26,22,5,1,3,5,4,43,No,3,43,5,3,3,1,42,1,No
5460,27,Female,Divorced,Finance,Executive,2,19623,63,24,2,0,2,5,3,22,Yes,7,33,6,3,2,4,31,1,No
4956,56,Female,Single,Marketing,Analyst,3,15164,85,8,7,8,4,4,4,78,No,3,55,17,4,2,1,20,1,No
7397,22,Male,Single,Marketing,Executive,4,12374,31,14,9,9,1,2,4,21,No,7,52,18,3,1,1,30,2,No
5415,51,Female,Divorced,Finance,Manager,3,14810,21,9,2,3,4,2,2,6,Yes,7,45,12,1,4,3,12,4,Yes
7400,20,Female,Single,Marketing,Assistant,3,5242,20,29,7,3,1,2,3,48,Yes,5,35,15,3,3,4,39,4,No
7415,59,Female,Single,Finance,Manager,3,14152,97,10,2,0,3,2,3,50,No,6,52,12,4,4,4,46,1,No
9101,20,Male,Single,Marketing,Executive,5,13970,75,12,7,2,3,5,3,2,Yes,2,41,4,2,3,4,38,1,No
4852,22,Female,Married,Finance,Manager,2,15837,30,5,7,9,2,4,1,83,Yes,8,36,9,4,3,1,17,1,Yes
2026,53,Male,Divorced,Sales,Assistant,2,6692,66,12,4,7,2,5,4,52,No,8,32,18,4,3,3,4,1,No
2616,25,Female,Divorced,Finance,Assistant,4,12040,57,13,7,9,4,2,1,17,No,8,59,14,2,2,3,15,2,No
7389,43,Female,Married,Finance,Manager,5,12624,43,20,14,6,4,2,2,63,No,2,39,0,2,1,3,3,1,Yes
2927,47,Female,Divorced,Finance,Analyst,2,8552,18,23,5,0,3,4,1,40,Yes,4,50,4,2,1,4,14,3,No
1122,48,Male,Single,Marketing,Analyst,4,15094,78,23,14,9,3,2,4,13,No,7,39,10,4,3,1,10,2,No
2911,44,Male,Married,IT,Analyst,3,8514,33,19,11,8,2,5,4,6,Yes,5,35,2,3,1,4,49,2,No
8147,58,Male,Divorced,Marketing,Assistant,3,9142,74,14,13,3,1,5,3,53,Yes,5,40,15,1,4,3,48,2,No
7384,50,Female,Married,Finance,Manager,4,19059,88,10,9,3,3,1,2,88,No,3,40,15,2,2,2,30,1,No
3483,36,Female,Single,HR,Manager,5,12549,55,25,6,1,3,5,2,0,No,8,59,5,3,4,3,33,4,No
796,41,Male,Divorced,IT,Analyst,4,10742,97,23,14,7,2,4,3,9,No,7,33,19,4,1,3,36,1,No
1576,27,Male,Married,Finance,Assistant,3,15569,57,11,5,8,1,1,2,33,Yes,6,35,10,4,2,2,40,2,No
6177,42,Male,Married,Finance,Manager,1,17675,89,2,6,5,3,4,4,94,No,2,40,19,3,4,3,38,3,No
6267,40,Female,Married,Marketing,Manager,2,13777,95,22,4,6,1,2,4,13,No,5,46,15,3,4,2,33,4,No
2459,30,Male,Divorced,Sales,Executive,2,13229,39,28,4,6,1,3,2,76,Yes,9,42,9,1,4,2,23,4,No
3313,58,Male,Single,Marketing,Assistant,1,12631,68,15,4,5,2,1,1,81,Yes,4,46,17,2,3,2,36,4,No
1254,44,Male,Single,IT,Manager,3,19676,99,20,13,6,3,2,4,34,Yes,3,34,7,2,3,4,11,2,No
6835,27,Male,Single,Finance,Analyst,5,10312,94,8,11,7,1,2,1,36,Yes,5,58,11,3,1,2,12,2,No
8795,56,Female,Single,Finance,Assistant,3,8260,57,11,14,3,4,2,4,66,Yes,3,51,5,4,3,4,38,3,No
3838,25,Male,Married,Marketing,Assistant,5,15838,84,23,12,1,2,1,4,71,Yes,6,34,13,2,1,2,41,2,Yes
4399,32,Male,Married,Sales,Manager,2,11342,83,6,14,9,1,4,1,89,No,5,35,19,4,3,1,2,4,No
3596,45,Male,Single,Sales,Manager,2,8355,97,7,4,7,2,5,1,78,No,6,30,8,4,1,4,20,3,Yes
6622,38,Female,Divorced,Finance,Assistant,1,14743,61,19,4,9,2,2,3,13,Yes,8,36,11,2,1,1,35,2,No
8383,28,Male,Married,Finance,Assistant,1,6636,83,13,1,5,3,2,4,21,No,4,59,4,2,4,3,33,2,No
2125,35,Female,Divorced,Finance,Assistant,5,9620,76,23,10,2,1,2,2,21,No,3,57,0,2,1,3,12,4,No
3239,49,Female,Single,Marketing,Manager,5,4531,71,25,6,3,3,4,2,36,Yes,9,45,9,2,3,2,39,3,Yes
5404,33,Female,Divorced,IT,Manager,2,19138,73,10,1,3,1,5,4,87,Yes,9,54,15,3,3,2,43,4,No
5999,52,Male,Divorced,IT,Analyst,1,3656,24,23,14,8,3,5,3,98,Yes,8,47,4,1,3,3,24,4,No
5939,44,Female,Divorced,IT,Manager,4,5413,41,3,12,6,4,1,4,18,Yes,4,47,17,3,4,2,20,4,No
2046,35,Male,Divorced,Marketing,Manager,1,9336,74,28,13,8,2,5,1,48,No,2,33,18,3,3,2,12,4,No
1579,49,Male,Single,Marketing,Analyst,3,11000,79,1,6,0,1,1,2,79,Yes,6,41,9,1,3,3,33,3,No
15,22,Female,Divorced,IT,Analyst,4,4411,99,12,12,4,2,2,2,33,No,7,36,13,4,1,1,22,3,Yes
2674,44,Female,Single,HR,Executive,4,17530,52,12,5,8,4,2,2,8,No,5,37,4,2,3,1,2,3,No
7017,32,Female,Divorced,Sales,Manager,3,4809,40,2,3,1,2,1,4,83,Yes,8,51,9,4,4,3,37,4,No
8721,38,Female,Single,Marketing,Manager,3,14633,25,3,12,1,1,2,4,92,No,4,59,1,2,2,4,10,4,No
8850,52,Male,Married,HR,Assistant,4,6609,89,28,13,1,1,1,3,61,No,9,52,14,3,2,2,25,4,No
4813,22,Female,Married,HR,Analyst,5,6693,20,14,7,7,1,5,3,81,No,9,39,4,2,4,3,17,3,No
1085,47,Female,Married,Marketing,Manager,4,7542,86,27,9,9,4,2,3,83,No,9,36,6,2,4,1,14,2,No
4984,34,Female,Single,Sales,Analyst,4,17780,74,20,8,6,2,5,3,18,No,2,36,2,1,3,4,19,2,No
7156,31,Female,Divorced,Marketing,Manager,3,11095,74,16,2,7,4,2,3,45,Yes,8,32,0,4,4,2,33,1,No
2885,28,Male,Married,Marketing,Executive,3,15192,99,24,13,5,3,2,4,58,No,8,34,11,3,1,4,7,2,No
334,55,Male,Divorced,Marketing,Analyst,2,10451,85,18,11,1,3,2,1,13,Yes,8,43,12,4,3,1,34,2,Yes
7205,28,Male,Married,Sales,Assistant,5,8189,34,19,12,8,3,1,1,32,Yes,2,44,18,2,2,1,8,3,No
4368,36,Male,Married,Finance,Executive,5,10143,26,8,10,9,3,5,2,77,No,9,35,2,3,4,3,22,4,No
3080,47,Male,Married,Finance,Executive,3,18586,48,4,5,6,3,4,4,93,Yes,5,44,11,4,2,4,41,1,No
7204,50,Female,Single,Marketing,Executive,3,9843,34,11,10,4,4,1,2,14,Yes,9,53,12,3,1,2,37,1,No
9910,46,Male,Divorced,Sales,Manager,2,12711,44,18,10,9,3,2,1,15,No,1,32,12,1,1,2,48,1,No
8865,29,Male,Divorced,Marketing,Executive,1,4084,82,12,5,3,3,4,1,39,Yes,4,59,19,2,2,3,37,2,No
264,52,Female,Married,Sales,Executive,3,18203,53,27,7,2,3,5,2,18,Yes,2,42,13,2,3,4,3,1,No
4338,27,Female,Single,HR,Executive,3,13342,32,18,3,6,4,4,1,74,No,9,30,13,3,1,4,30,1,Yes
8896,56,Female,Married,HR,Analyst,1,6148,85,27,3,0,1,3,3,53,Yes,1,53,4,4,4,2,16,4,No
8448,45,Female,Married,Sales,Executive,2,16008,39,1,13,7,3,4,1,22,No,1,40,4,3,4,2,33,3,No
5904,20,Female,Married,Marketing,Executive,2,8867,27,11,13,2,1,4,1,43,Yes,7,53,14,2,2,3,5,3,No
1499,51,Male,Single,Sales,Analyst,1,4287,18,22,11,2,1,4,3,39,Yes,4,46,11,4,2,1,33,4,No
4191,41,Female,Married,IT,Manager,1,4547,95,20,13,3,3,5,4,94,Yes,9,30,0,3,2,2,3,3,No
7486,39,Male,Married,Marketing,Assistant,5,13152,91,26,14,7,4,2,1,79,No,9,55,11,3,1,1,42,1,No
9644,59,Male,Divorced,HR,Manager,1,18868,71,11,7,6,4,2,1,51,No,2,46,13,3,1,4,19,1,No
8311,20,Female,Single,Marketing,Assistant,3,9607,74,15,1,2,2,4,1,9,No,5,47,15,1,4,3,24,3,Yes
7591,34,Male,Divorced,Finance,Analyst,2,13368,36,8,10,2,1,4,4,74,Yes,6,36,5,1,3,2,27,2,Yes
501,50,Male,Divorced,HR,Analyst,3,15692,62,21,3,8,1,1,2,35,No,8,38,6,4,3,2,7,4,No
9156,34,Male,Single,Sales,Manager,2,8188,98,13,3,9,4,2,3,40,Yes,2,58,12,4,1,3,17,3,Yes
9415,40,Male,Divorced,Sales,Assistant,5,8495,61,11,9,1,3,3,2,27,Yes,4,58,4,2,3,1,5,4,No
3096,39,Female,Married,IT,Analyst,4,18499,83,2,7,0,4,1,4,44,No,6,53,6,3,2,3,25,2,No
4632,46,Male,Married,HR,Executive,4,17627,23,17,6,8,3,2,4,45,No,3,33,9,1,3,3,34,3,No
368,38,Male,Single,IT,Analyst,3,4060,57,22,4,5,1,4,4,52,Yes,1,33,18,1,3,3,20,4,Yes
4059,24,Male,Single,Finance,Manager,5,8411,97,2,2,5,3,2,3,86,Yes,6,44,2,1,3,4,38,3,No
8175,46,Male,Single,IT,Executive,5,19950,53,6,6,1,2,4,4,7,Yes,2,38,17,4,3,3,10,4,No
4631,57,Female,Divorced,Finance,Executive,5,7278,86,14,7,2,3,3,1,29,No,7,47,5,1,2,2,25,4,No
6071,51,Male,Single,IT,Assistant,3,9018,91,15,14,8,3,4,3,92,No,3,49,7,1,1,1,10,1,No
2665,49,Male,Married,IT,Manager,3,7620,16,23,2,2,4,3,2,92,No,2,50,16,2,4,1,35,3,Yes
1027,37,Male,Single,Marketing,Manager,2,8721,52,27,9,6,4,4,4,49,Yes,6,32,8,1,3,1,29,3,No
5909,33,Male,Married,Finance,Analyst,3,5872,23,12,13,0,3,5,3,21,No,1,32,9,3,1,3,7,2,No
5051,22,Female,Divorced,Finance,Executive,3,13911,49,25,5,2,2,3,3,41,Yes,2,47,9,3,1,1,36,1,No
6329,37,Female,Divorced,IT,Assistant,5,18344,98,14,2,4,2,5,3,98,No,8,51,10,4,3,3,38,3,Yes
9734,54,Male,Divorced,HR,Manager,3,14032,59,14,3,3,3,3,1,42,Yes,3,41,8,1,1,4,26,2,No
1692,25,Female,Divorced,IT,Analyst,5,18724,50,22,8,9,2,2,4,54,Yes,4,36,2,4,4,4,30,3,No
674,20,Female,Married,Finance,Executive,4,11505,24,14,3,1,1,5,4,22,Yes,5,44,19,1,3,2,4,4,No
5573,59,Female,Married,Sales,Analyst,5,19181,15,9,5,9,2,3,2,17,Yes,8,37,16,3,1,3,10,2,No
5767,20,Female,Married,Marketing,Assistant,2,6305,39,12,13,7,1,1,4,60,No,8,31,10,3,3,2,11,1,No
5157,34,Female,Single,Marketing,Assistant,4,3984,23,27,11,5,4,5,4,82,Yes,1,45,16,3,2,3,48,2,No
734,40,Female,Divorced,Marketing,Analyst,2,15515,17,9,9,6,4,5,2,32,No,7,39,15,4,3,2,1,4,No
3527,28,Male,Divorced,Marketing,Assistant,5,18794,97,7,6,0,3,4,4,6,Yes,7,42,7,2,3,2,20,2,No
569,25,Female,Single,Sales,Analyst,1,5266,82,15,14,1,4,3,1,3,No,5,31,9,1,2,2,15,2,No
9188,23,Female,Divorced,Marketing,Executive,4,3625,32,6,5,9,1,5,4,44,Yes,9,43,7,1,1,3,36,2,No
2923,55,Female,Single,Finance,Analyst,3,15028,87,5,6,6,2,5,3,1,No,1,37,14,4,4,4,8,2,Yes
7912,30,Female,Single,Sales,Executive,5,4817,75,16,12,3,2,5,3,66,Yes,1,41,7,1,2,1,27,3,No
1559,34,Female,Divorced,HR,Assistant,3,8825,79,7,7,6,4,4,3,26,No,6,40,8,2,4,2,12,4,No
102,43,Male,Single,HR,Analyst,4,16196,60,10,9,4,2,4,4,76,Yes,3,51,9,4,2,1,4,2,No
3008,50,Female,Single,HR,Executive,5,3717,54,29,14,4,1,3,2,28,Yes,4,35,5,1,4,1,35,1,No
7202,24,Female,Married,Marketing,Assistant,2,7582,88,7,1,5,4,5,3,94,No,6,47,6,4,2,2,37,4,No
304,40,Male,Single,IT,Assistant,1,16180,41,7,2,7,1,2,1,69,No,6,54,2,1,2,4,5,4,No
77,34,Female,Divorced,Sales,Manager,3,6843,63,1,12,9,2,1,2,11,No,5,41,2,2,3,3,23,3,No
6755,22,Male,Single,Finance,Executive,4,6101,45,22,7,1,4,1,2,13,Yes,9,49,3,2,2,3,13,1,No
8630,50,Male,Single,Sales,Assistant,3,11096,20,5,7,4,4,3,4,93,Yes,2,31,4,3,4,1,30,2,No
1209,52,Female,Divorced,HR,Assistant,5,9114,26,11,13,6,4,2,3,36,No,1,56,16,4,4,3,34,3,No
7743,47,Female,Married,IT,Manager,5,12458,39,2,14,6,2,1,1,17,No,9,46,3,3,1,2,31,3,No
8215,41,Female,Divorced,Sales,Analyst,3,12926,72,1,14,9,3,5,3,45,No,5,55,8,1,3,4,49,2,Yes
8945,53,Male,Divorced,Sales,Manager,1,8231,93,9,4,1,1,2,1,57,No,1,43,0,2,1,1,40,2,No
8414,21,Male,Married,Sales,Assistant,1,14473,50,4,4,6,4,1,3,13,No,6,46,11,4,4,2,21,3,Yes
1776,53,Female,Divorced,HR,Analyst,4,17300,39,4,13,0,4,1,1,16,No,4,57,3,1,1,4,16,1,No
3474,32,Male,Divorced,Finance,Assistant,4,19493,99,22,7,2,2,2,4,75,Yes,4,32,10,4,1,4,9,4,No
484,44,Female,Single,Marketing,Assistant,3,9920,83,25,2,7,4,5,4,94,Yes,7,41,0,2,1,4,4,2,Yes
2190,26,Male,Married,Sales,Manager,1,19674,20,18,5,9,3,2,1,31,Yes,5,35,18,4,3,1,3,3,Yes
347,42,Male,Divorced,Sales,Analyst,1,14539,76,9,3,5,1,1,2,28,Yes,8,53,8,1,2,3,42,4,No
5482,51,Female,Divorced,IT,Manager,4,14724,42,5,12,2,4,1,3,93,Yes,1,30,19,3,4,3,45,3,No
8362,21,Female,Married,HR,Analyst,5,6082,34,2,12,9,4,4,4,81,Yes,1,33,11,2,4,4,34,2,No
1473,39,Female,Single,HR,Executive,4,3761,18,19,1,4,1,2,2,21,No,1,52,18,1,2,1,12,4,No
5101,47,Male,Single,Marketing,Assistant,3,13932,75,14,1,0,4,2,1,77,No,9,35,9,4,4,3,39,4,No
6766,23,Female,Divorced,IT,Assistant,4,7644,53,4,12,4,1,1,3,35,No,9,59,16,2,1,3,47,3,No
8707,47,Male,Single,Finance,Assistant,2,11694,87,19,2,0,4,1,3,84,No,3,38,11,1,3,1,17,1,Yes
4930,36,Female,Divorced,Finance,Assistant,3,12922,39,18,9,9,2,2,1,88,Yes,1,46,9,3,2,1,16,2,Yes
6330,43,Female,Divorced,IT,Executive,3,9174,47,3,6,2,4,2,1,66,No,2,56,0,4,2,3,22,3,Yes
2610,21,Male,Married,Marketing,Analyst,1,10193,22,11,11,4,2,1,3,87,Yes,4,55,7,4,4,4,12,1,Yes
4,27,Female,Divorced,HR,Manager,4,18707,28,12,9,1,1,1,2,4,No,9,53,2,3,4,1,46,2,No
2214,37,Male,Married,Finance,Assistant,5,6861,22,9,6,7,4,5,2,70,No,8,30,3,4,1,4,11,4,No
4828,57,Female,Married,Marketing,Assistant,4,9081,44,19,5,7,4,3,2,39,No,7,46,9,3,4,3,34,2,No
857,32,Male,Divorced,Finance,Assistant,2,18278,35,20,2,0,1,3,3,20,No,2,57,7,4,1,2,29,4,Yes
6978,44,Male,Married,Marketing,Analyst,5,3789,83,18,8,9,4,4,1,59,No,6,51,4,1,1,1,42,1,Yes
5886,37,Male,Divorced,HR,Assistant,4,8723,97,28,2,9,2,1,2,28,Yes,1,50,6,4,1,2,21,2,No
625,52,Female,Single,HR,Assistant,2,19148,50,14,3,0,2,5,4,46,No,7,53,9,3,1,3,44,3,No
291,54,Male,Divorced,Marketing,Manager,2,18064,57,20,2,6,1,2,4,76,Yes,3,50,18,2,2,1,31,2,No
2019,25,Male,Divorced,Sales,Manager,2,7666,35,25,9,2,3,3,3,98,No,5,42,5,3,4,2,21,4,No
669,58,Female,Married,IT,Analyst,1,3822,20,17,7,7,4,4,1,5,No,9,53,5,2,4,4,13,2,Yes
8922,50,Male,Married,Marketing,Executive,1,14343,62,8,12,9,1,4,2,76,No,2,51,10,1,3,1,17,1,No
8265,55,Male,Divorced,Finance,Assistant,5,5378,67,13,1,6,1,2,4,69,No,7,58,5,4,4,1,7,1,Yes
9697,51,Male,Divorced,Finance,Executive,1,14085,33,19,12,2,4,4,1,47,No,9,56,8,2,4,4,5,2,No
1632,27,Female,Divorced,Marketing,Assistant,3,8091,47,5,1,9,4,3,3,94,Yes,2,50,19,3,1,1,38,3,Yes
5171,28,Male,Divorced,Sales,Analyst,5,14714,28,13,2,2,2,3,2,81,Yes,8,39,1,4,1,1,48,3,No
7206,51,Male,Married,Sales,Manager,4,4767,58,11,6,5,1,3,1,79,Yes,3,57,9,2,1,3,9,1,No
2523,25,Male,Married,Marketing,Analyst,3,9864,85,14,7,1,3,3,1,96,No,3,59,19,4,1,4,45,4,No
2216,51,Male,Single,Sales,Executive,3,4112,87,26,2,2,3,3,4,19,Yes,6,54,2,4,4,3,17,4,No
6969,50,Female,Single,Marketing,Executive,4,16654,35,23,4,4,4,2,2,63,No,1,41,14,4,3,4,49,2,No
6497,23,Male,Single,IT,Executive,2,3053,41,20,7,8,4,2,1,52,Yes,5,47,11,4,3,3,38,4,No
6214,28,Male,Married,Finance,Executive,1,15709,53,12,14,7,2,4,1,83,Yes,4,34,9,1,4,1,10,3,No
7033,20,Male,Divorced,HR,Manager,4,7236,80,11,8,8,2,1,3,92,No,5,45,5,2,3,1,31,2,No
7421,41,Female,Single,Sales,Manager,3,11078,81,9,11,5,3,1,4,50,No,1,43,5,4,3,1,44,3,No
1108,56,Male,Single,Sales,Analyst,3,13297,40,27,5,2,4,4,3,90,Yes,1,38,10,2,4,4,43,2,No
451,36,Female,Divorced,HR,Manager,2,9609,52,1,13,5,1,1,1,17,No,9,54,11,2,2,2,35,4,No
6290,25,Male,Divorced,IT,Manager,1,3393,54,28,3,5,4,5,3,55,No,4,58,3,2,3,1,36,1,No
9967,49,Male,Married,Marketing,Analyst,5,15187,83,28,7,6,3,5,4,11,Yes,7,45,4,2,3,2,10,3,No
136,32,Male,Single,HR,Analyst,2,6388,81,26,6,2,1,3,2,62,Yes,3,43,18,4,1,3,12,2,No
1786,27,Male,Married,IT,Manager,3,6934,59,9,6,5,3,5,3,69,Yes,5,48,18,4,1,2,28,2,No
3405,51,Female,Divorced,IT,Manager,5,13151,37,2,14,4,4,2,1,15,No,2,31,14,1,3,3,45,4,No
2907,58,Female,Divorced,Marketing,Executive,3,8545,38,29,7,5,3,3,1,99,No,4,33,6,3,1,3,39,3,No
8305,57,Male,Divorced,IT,Manager,5,18452,64,3,5,4,1,1,4,5,No,5,51,11,1,4,2,46,1,No
7493,43,Male,Single,HR,Executive,4,4646,55,15,13,0,2,4,1,69,No,4,41,9,3,1,1,12,3,No
6101,34,Male,Married,Sales,Assistant,3,8139,85,20,14,1,1,1,4,41,No,3,40,7,4,2,1,27,4,No
4505,44,Female,Divorced,IT,Assistant,5,19726,93,29,1,9,2,1,2,25,No,4,55,2,3,1,1,31,4,Yes
5054,35,Male,Divorced,IT,Manager,2,10042,51,18,7,9,3,4,1,29,No,1,48,9,4,4,1,33,1,No
5206,22,Female,Single,Marketing,Analyst,2,18369,42,23,12,0,3,4,2,80,No,8,37,14,1,2,3,48,4,Yes
4081,33,Female,Married,IT,Executive,1,4513,63,22,4,9,1,5,2,8,No,1,49,18,1,2,4,43,2,No
6919,40,Male,Married,HR,Analyst,4,12363,38,19,13,9,2,3,4,4,Yes,1,57,3,4,4,4,31,2,Yes
6803,54,Male,Single,HR,Manager,2,8106,78,9,13,7,1,5,3,31,No,3,50,10,1,2,1,45,3,No
5207,54,Male,Divorced,IT,Assistant,4,19698,19,23,5,6,3,2,3,75,No,7,42,9,2,2,3,44,4,No
533,24,Female,Single,Marketing,Manager,1,14738,64,6,13,5,3,5,3,30,Yes,8,30,11,3,4,1,32,1,No
4831,48,Female,Married,HR,Analyst,2,7536,72,27,7,0,3,5,4,71,Yes,8,58,0,2,4,1,24,2,No
4039,52,Female,Single,HR,Analyst,2,13448,22,5,5,9,1,3,2,29,No,5,52,17,3,3,3,22,2,No
4085,21,Male,Married,HR,Analyst,1,11411,40,11,8,1,4,1,1,95,No,5,32,6,1,4,3,2,2,No
3205,53,Female,Married,HR,Manager,5,8825,52,9,7,3,3,4,2,78,No,2,40,11,2,2,1,21,1,Yes
7111,49,Male,Married,Marketing,Assistant,4,12172,43,6,13,2,3,1,4,64,No,3,32,9,1,1,2,25,2,No
331,43,Female,Married,HR,Assistant,5,5250,29,23,10,2,4,2,3,75,No,4,52,11,1,1,2,31,2,Yes
4958,48,Male,Divorced,HR,Analyst,4,10381,60,23,4,8,1,1,1,50,No,7,48,9,4,4,1,36,3,No
3034,56,Female,Divorced,Finance,Analyst,2,3121,56,26,5,8,4,2,1,30,Yes,8,43,18,3,2,2,25,2,Yes
7685,52,Male,Married,Marketing,Analyst,2,12457,29,5,10,4,3,2,3,87,No,2,42,14,4,3,4,13,1,No
1598,47,Male,Single,Finance,Manager,1,18773,88,3,3,0,1,2,1,65,Yes,7,37,11,2,3,1,19,1,Yes
9920,52,Male,Single,Finance,Manager,5,16635,49,18,5,4,3,3,4,67,Yes,8,59,17,4,1,4,1,3,Yes
3598,24,Male,Married,HR,Analyst,5,14950,57,28,13,3,3,4,2,7,No,5,30,0,3,1,2,49,1,Yes
9039,37,Male,Single,IT,Assistant,1,14268,71,28,13,2,3,3,2,38,Yes,7,43,10,2,3,1,45,3,No
8002,53,Female,Married,HR,Assistant,1,12679,58,3,7,9,2,2,2,21,No,6,52,14,1,3,3,49,3,No
591,51,Female,Divorced,Sales,Manager,2,13616,78,2,10,3,4,1,2,4,No,1,40,2,1,2,1,43,4,Yes
648,22,Female,Single,IT,Analyst,2,12513,65,7,7,8,4,1,4,5,Yes,9,49,4,3,2,4,47,2,Yes
9103,52,Female,Married,HR,Executive,4,11541,85,20,7,8,1,1,3,12,Yes,5,50,19,4,2,1,9,4,No
8016,25,Female,Single,IT,Assistant,2,7534,87,16,3,7,4,1,2,89,Yes,9,42,7,3,4,4,45,1,Yes
3772,52,Female,Married,Marketing,Assistant,2,8520,58,24,14,0,2,5,3,88,Yes,5,44,6,3,3,1,23,1,No
9040,35,Female,Single,HR,Assistant,3,3606,17,10,14,5,2,2,3,20,No,1,49,18,1,3,2,24,2,Yes
5083,29,Female,Single,Sales,Assistant,3,19988,48,7,2,7,1,3,1,80,Yes,8,52,1,1,2,2,40,4,Yes
7883,29,Female,Divorced,Sales,Executive,5,18693,33,19,4,2,4,4,1,90,Yes,2,42,1,3,1,4,41,1,Yes
9363,26,Male,Single,Sales,Executive,5,7943,36,3,13,2,4,3,4,49,No,7,45,13,2,3,3,4,3,No
4211,25,Female,Married,HR,Assistant,3,12516,84,23,11,7,1,5,3,41,No,1,52,18,4,4,4,12,2,Yes
8835,53,Female,Single,Finance,Analyst,3,14109,20,14,11,5,4,2,1,67,Yes,7,54,19,1,4,2,31,1,No
8700,33,Male,Divorced,Sales,Executive,1,19923,23,11,11,5,1,3,3,95,Yes,3,41,4,3,4,3,22,2,No
1796,20,Female,Married,Marketing,Executive,3,10417,58,28,1,6,2,3,4,5,Yes,5,40,0,2,2,3,16,2,No
2587,43,Male,Married,IT,Assistant,1,16010,46,4,9,8,3,2,4,42,No,5,53,13,3,1,2,49,1,Yes
8356,49,Male,Single,Marketing,Manager,2,15802,60,29,4,9,3,2,1,17,No,7,47,15,1,2,3,41,4,No
2317,36,Male,Divorced,IT,Executive,2,18535,58,15,4,8,3,3,1,49,No,3,47,17,4,2,4,41,4,No
4186,40,Female,Divorced,HR,Executive,4,17996,26,8,7,7,1,5,1,16,Yes,6,52,12,3,2,2,32,4,No
8828,35,Male,Divorced,IT,Executive,3,6601,87,26,1,0,3,4,4,84,No,1,31,2,1,4,3,21,1,No
7073,34,Female,Married,Finance,Executive,1,11632,89,21,8,9,1,1,3,11,Yes,8,33,6,1,2,2,5,2,No
5235,58,Female,Married,IT,Manager,5,12597,44,29,12,0,1,2,3,94,No,7,39,15,1,3,2,32,1,No
8744,22,Male,Single,IT,Executive,1,4772,89,26,8,1,3,1,1,14,Yes,5,36,17,3,3,4,9,3,No
8671,43,Male,Married,Finance,Assistant,2,7850,91,9,8,2,4,5,2,49,Yes,3,59,18,3,3,1,15,3,No
4769,39,Male,Married,IT,Executive,4,11431,59,22,7,3,1,1,1,48,No,9,45,19,4,1,3,48,1,Yes
9973,24,Male,Married,Finance,Assistant,1,19852,43,3,8,3,4,3,1,76,Yes,6,43,1,2,1,1,28,2,No
7145,33,Male,Single,Finance,Assistant,2,6796,96,11,11,6,3,3,2,58,Yes,6,46,3,3,2,1,46,3,No
2914,49,Male,Single,HR,Assistant,2,7903,59,23,3,8,1,2,3,49,Yes,6,58,2,1,4,3,40,2,No
9872,40,Female,Divorced,IT,Analyst,5,16135,55,23,10,6,4,2,1,19,No,9,46,17,4,3,3,33,2,No
9894,28,Male,Married,Marketing,Assistant,5,9767,36,15,1,8,2,5,2,91,Yes,2,31,14,3,4,1,37,1,Yes
2076,46,Male,Single,Finance,Assistant,3,12744,35,17,7,2,3,5,4,60,No,5,36,2,3,1,3,47,3,No
4303,41,Male,Married,Marketing,Assistant,5,16773,18,8,11,4,4,2,4,32,No,6,45,17,4,2,2,19,4,No
5823,21,Male,Divorced,IT,Analyst,3,13969,54,20,10,4,1,3,2,81,Yes,4,53,14,4,3,1,6,2,Yes
2150,51,Female,Single,Marketing,Manager,4,11070,61,28,11,0,1,2,2,98,Yes,4,45,2,1,2,3,37,3,No
145,39,Male,Divorced,Sales,Analyst,4,9613,77,20,5,9,2,2,3,92,No,2,30,3,2,1,1,1,1,No
4964,41,Male,Divorced,HR,Assistant,3,7004,25,25,2,4,3,2,4,50,No,9,37,4,1,4,1,16,4,No
8160,25,Female,Divorced,Marketing,Executive,3,15507,84,9,7,6,2,5,2,13,No,3,46,7,1,1,4,23,2,No
9031,30,Male,Single,IT,Executive,2,16711,35,16,1,0,4,5,1,98,No,1,38,4,4,1,3,28,4,No
4776,33,Male,Single,HR,Manager,1,10719,42,5,2,8,1,3,2,14,Yes,7,43,18,3,2,1,33,4,No
8934,34,Female,Single,IT,Executive,2,18703,85,23,6,9,3,3,4,38,No,5,58,3,4,2,4,40,1,No
7750,24,Male,Divorced,Marketing,Manager,3,12245,43,19,5,1,3,3,2,17,No,4,40,11,1,2,2,24,3,No
9829,25,Male,Single,Sales,Assistant,4,10469,74,5,4,1,3,4,4,92,No,6,58,18,4,2,4,35,1,No
9215,36,Male,Single,Sales,Manager,2,8697,43,1,9,2,3,3,4,36,Yes,6,32,4,4,4,1,15,3,No
6061,44,Female,Single,HR,Analyst,5,6984,95,7,2,3,2,5,2,80,No,7,53,8,3,3,1,28,2,No
9476,38,Female,Married,Marketing,Manager,2,3045,48,29,11,4,2,2,1,9,No,9,57,16,4,3,2,32,3,No
6410,48,Female,Married,Sales,Assistant,2,13866,99,4,13,1,2,2,2,68,Yes,5,42,13,1,4,2,21,2,No
3318,54,Female,Single,Sales,Executive,4,8933,90,24,1,8,2,2,4,42,No,2,55,8,3,1,2,36,1,Yes
7465,32,Male,Single,Marketing,Assistant,5,17719,35,6,7,6,2,4,1,52,No,2,44,9,2,3,4,4,1,Yes
3062,47,Male,Married,IT,Assistant,2,13485,66,4,5,6,3,4,1,59,No,8,42,13,4,3,1,3,4,No
1356,45,Female,Married,Finance,Analyst,4,8878,87,10,8,5,1,3,3,98,No,8,58,19,1,2,4,43,3,No
4515,36,Female,Single,Finance,Analyst,3,15852,50,10,5,6,4,3,3,26,No,6,37,5,3,2,1,33,4,No
5506,30,Female,Married,Finance,Executive,4,15260,97,14,9,8,1,2,3,11,No,3,45,0,1,4,4,7,4,No
5251,54,Male,Single,Sales,Assistant,5,13279,32,7,1,9,1,2,3,18,Yes,1,46,15,2,4,1,24,2,Yes
4512,32,Female,Married,Finance,Executive,2,7832,30,7,1,7,1,1,2,9,No,4,33,15,3,3,4,11,3,No
1731,42,Male,Single,Finance,Manager,5,11323,43,22,5,9,4,3,2,59,No,6,50,18,3,2,3,38,2,Yes
1759,33,Male,Divorced,Sales,Assistant,3,8911,33,9,10,5,2,2,4,22,Yes,9,42,15,4,2,4,22,3,No
6651,23,Female,Divorced,Sales,Assistant,3,15354,91,19,14,7,2,4,2,16,No,2,53,2,4,1,2,46,4,Yes
6647,23,Female,Divorced,Finance,Analyst,1,19490,62,14,3,3,4,3,3,77,No,3,50,4,4,1,1,12,3,No
9861,37,Male,Divorced,Finance,Manager,5,14418,52,22,13,4,2,4,2,50,No,8,54,15,3,4,4,47,2,No
4140,28,Male,Single,Marketing,Assistant,5,12494,76,12,13,8,2,4,3,92,No,4,49,2,2,3,4,46,2,No
9394,22,Female,Single,IT,Assistant,4,12993,92,12,10,9,3,4,4,37,No,8,41,2,3,1,2,5,1,No
5124,52,Male,Single,Marketing,Analyst,3,9276,74,8,8,0,3,4,1,25,Yes,7,36,12,3,2,1,1,1,No
1,58,Male,Single,Finance,Manager,5,7332,81,24,12,3,1,3,2,74,No,9,48,16,4,1,1,49,3,No
1865,29,Male,Married,Sales,Executive,2,7874,58,1,11,0,3,5,2,24,No,5,45,3,4,1,3,19,3,No
544,23,Female,Married,IT,Manager,2,4597,97,23,13,1,3,3,3,94,No,6,39,19,1,4,4,9,2,No
350,41,Female,Divorced,Sales,Assistant,2,3201,27,22,3,7,1,5,3,13,No,7,38,10,4,2,1,31,2,No
6907,28,Male,Divorced,HR,Manager,5,13229,54,4,12,3,1,2,2,7,No,6,50,11,1,3,3,6,2,No
9766,24,Male,Single,Finance,Executive,2,11851,71,9,7,1,1,1,1,80,No,8,39,3,4,2,1,7,2,No
2524,28,Male,Single,Sales,Executive,4,17565,63,13,10,1,3,4,1,97,No,5,52,10,3,2,2,34,1,No
3465,51,Male,Married,HR,Analyst,2,15630,94,22,5,3,4,3,4,53,Yes,3,58,4,1,4,3,29,2,No
458,53,Female,Married,Finance,Assistant,3,6396,39,3,4,1,1,4,4,90,Yes,1,59,12,4,3,2,21,2,No
3024,30,Male,Married,Sales,Assistant,2,19674,66,23,12,7,4,4,4,27,Yes,5,46,12,1,4,3,36,3,No
7262,28,Female,Divorced,Marketing,Manager,4,8506,98,5,8,6,3,2,4,92,Yes,7,34,16,1,1,4,31,3,No
9516,41,Female,Married,Sales,Analyst,2,19257,16,8,13,9,2,1,4,70,No,9,34,4,3,3,3,39,2,No
7873,32,Male,Divorced,Marketing,Analyst,1,14572,45,26,13,2,1,1,4,20,No,4,43,17,1,3,2,1,3,No
6626,28,Female,Married,Marketing,Assistant,5,5389,76,13,3,1,2,1,4,58,No,3,37,9,3,3,2,28,4,No
2535,37,Female,Married,Marketing,Analyst,5,15853,46,13,4,1,2,4,2,12,No,7,51,7,2,2,2,4,1,No
132,58,Male,Single,Finance,Analyst,5,12605,33,27,11,6,1,1,3,13,No,6,41,10,4,1,4,39,2,No
3705,20,Female,Divorced,IT,Executive,2,11963,52,7,6,3,2,2,3,89,No,3,43,10,2,3,3,45,1,No
1373,32,Male,Single,Finance,Executive,4,5706,94,5,9,7,1,5,1,97,Yes,1,58,14,2,3,2,13,2,No
6201,38,Female,Single,IT,Assistant,2,8596,60,18,1,6,4,1,4,13,Yes,2,56,7,4,4,3,8,4,No
4857,23,Male,Married,Finance,Assistant,4,3435,87,8,5,6,3,2,3,65,No,6,36,13,3,4,1,40,4,No
4713,47,Male,Divorced,Sales,Executive,3,19465,73,24,7,4,4,4,1,4,Yes,9,32,5,4,1,1,1,2,No
5545,20,Male,Divorced,IT,Manager,2,3988,54,10,6,0,4,1,3,46,No,4,34,18,2,4,4,28,4,Yes
1414,59,Male,Divorced,IT,Executive,4,13651,70,19,14,9,2,4,1,8,Yes,7,41,5,3,3,2,9,3,No
4114,23,Male,Divorced,Marketing,Manager,3,14431,31,12,7,7,3,4,2,47,No,7,36,3,2,1,4,42,4,Yes
656,40,Female,Single,IT,Manager,2,16654,93,1,3,9,4,2,4,37,Yes,8,50,6,1,1,2,23,2,No
8138,30,Female,Divorced,Sales,Executive,4,8617,46,6,13,1,1,4,1,33,No,6,46,16,1,2,2,17,4,No
4099,55,Male,Married,HR,Manager,1,15880,98,10,11,0,3,2,2,49,No,4,47,13,2,1,1,1,2,No
593,27,Female,Divorced,IT,Assistant,1,10309,83,2,2,8,3,2,3,47,Yes,1,35,19,3,3,2,49,1,No
8709,33,Female,Married,HR,Executive,5,15337,37,15,14,4,4,3,2,66,No,8,51,19,3,3,2,28,4,No
3124,36,Female,Divorced,HR,Analyst,2,5940,77,7,8,8,2,5,4,80,Yes,4,30,17,2,1,3,48,1,No
3048,56,Male,Single,Marketing,Manager,2,10317,94,18,7,1,4,3,2,40,Yes,8,53,17,1,2,4,2,2,No
3888,28,Female,Single,HR,Analyst,1,4602,63,19,8,9,2,4,4,58,No,1,44,10,1,3,3,43,1,No
5736,48,Male,Divorced,IT,Assistant,1,14775,58,25,12,6,2,4,4,4,Yes,5,33,18,2,2,1,49,2,No
2185,55,Male,Single,Sales,Manager,2,19853,94,21,4,8,1,4,3,54,No,2,58,8,2,3,1,20,1,No
2146,39,Male,Single,HR,Executive,3,4629,95,14,7,9,3,3,4,85,No,4,34,4,2,2,1,1,3,No
7048,58,Female,Single,Marketing,Manager,2,14440,53,13,5,5,3,1,3,69,Yes,1,59,6,4,1,1,42,1,No
3106,30,Female,Single,IT,Assistant,5,11859,48,8,11,5,2,3,2,94,Yes,8,30,1,1,3,3,47,2,Yes
9234,35,Female,Single,HR,Analyst,2,19039,81,4,7,5,2,3,4,3,Yes,9,55,4,3,1,3,34,1,No
9097,36,Male,Married,Sales,Assistant,3,17542,41,19,12,9,3,5,2,55,No,7,44,7,1,1,4,40,3,No
2770,33,Female,Single,Marketing,Analyst,4,4222,16,5,8,3,2,2,4,60,Yes,1,58,13,2,2,2,2,1,No
5222,47,Male,Divorced,Marketing,Assistant,2,11981,74,14,9,4,2,1,3,17,Yes,7,35,1,3,3,1,47,3,No
5834,56,Female,Divorced,IT,Analyst,1,5155,17,15,5,4,2,3,3,80,No,4,52,0,1,1,4,26,2,No
1733,30,Male,Single,Finance,Manager,2,13301,97,24,3,8,3,5,2,34,No,7,40,14,2,4,4,5,4,No
266,40,Male,Divorced,Sales,Analyst,1,4397,22,21,12,1,2,4,1,7,No,7,30,17,1,3,3,32,3,No
5145,42,Male,Married,IT,Executive,2,14299,32,13,5,9,1,2,4,24,No,1,36,6,3,1,3,9,1,Yes
8268,30,Female,Single,IT,Executive,4,18004,76,8,3,7,2,2,2,2,No,8,36,7,1,3,3,6,1,Yes
3938,34,Male,Married,Marketing,Manager,5,14675,45,29,14,3,4,1,2,82,Yes,1,39,6,2,2,4,23,3,No
762,45,Female,Single,Finance,Manager,3,6258,39,21,11,7,2,3,3,17,Yes,5,58,11,4,1,4,48,2,No
7221,32,Male,Single,Finance,Assistant,3,3077,55,10,10,2,3,5,1,52,No,5,56,10,3,4,1,44,2,No
8440,50,Male,Married,Marketing,Assistant,3,16306,30,15,4,4,1,5,4,4,No,1,57,16,1,1,3,49,2,No
3258,51,Male,Divorced,IT,Analyst,4,5074,91,16,5,1,4,2,1,3,Yes,1,45,11,1,2,1,8,3,No
4339,59,Female,Single,Marketing,Manager,4,5837,51,8,2,2,4,4,4,88,No,8,35,8,1,1,2,1,3,No
4363,50,Female,Single,Finance,Analyst,1,18168,99,5,3,1,2,4,4,51,No,4,51,12,4,4,3,3,3,No
317,42,Female,Married,Marketing,Assistant,5,3545,70,14,10,9,2,1,3,30,Yes,7,41,5,2,1,3,21,2,No
8070,25,Male,Single,Marketing,Manager,5,3438,77,13,10,4,2,3,4,53,No,4,30,17,3,2,4,12,3,No
1852,40,Male,Single,IT,Assistant,2,4855,49,20,9,6,2,2,2,54,No,7,31,0,4,3,2,40,4,No
2485,48,Female,Married,HR,Executive,1,3057,32,14,6,5,3,2,1,21,No,7,32,0,2,2,3,37,2,No
9874,52,Male,Single,Marketing,Analyst,3,7692,74,27,9,4,4,2,4,84,Yes,4,32,19,2,1,2,21,1,No
9575,24,Male,Single,Marketing,Analyst,4,12309,99,5,7,0,4,4,4,31,No,9,39,1,2,2,2,15,4,No
1079,29,Female,Married,Marketing,Analyst,2,7473,51,1,7,7,3,5,1,96,No,8,37,7,1,2,2,45,1,No
8359,51,Male,Single,Marketing,Manager,4,19551,43,26,6,6,2,3,1,23,Yes,3,45,8,3,1,1,12,4,No
7334,33,Male,Divorced,Marketing,Assistant,4,8369,23,14,1,5,3,2,2,3,No,1,31,15,1,2,4,21,4,Yes
1072,23,Male,Married,Finance,Assistant,2,15788,89,10,13,8,4,2,1,43,No,7,55,19,2,2,1,12,2,Yes
104,54,Male,Single,HR,Assistant,5,14159,70,19,9,6,1,4,2,83,No,3,32,10,1,4,4,31,1,No
5749,40,Female,Married,Sales,Analyst,5,9915,97,24,6,5,1,4,2,46,Yes,8,55,18,2,1,3,45,1,Yes
1419,52,Male,Single,Marketing,Executive,4,8003,54,2,5,7,2,5,4,58,No,4,33,3,2,1,4,47,1,No
1659,25,Female,Married,Sales,Assistant,5,17942,54,10,3,7,2,5,1,39,Yes,6,51,2,3,2,1,3,1,No
5285,54,Male,Single,Sales,Assistant,1,14403,84,27,3,3,4,5,4,97,No,9,37,3,4,3,4,25,2,No
1150,33,Male,Single,Sales,Assistant,4,16709,99,23,3,5,4,3,1,6,No,9,45,19,1,3,2,16,4,Yes
7151,38,Female,Single,Marketing,Assistant,2,16400,63,25,1,0,4,3,2,22,No,2,47,17,3,1,3,8,4,No
1569,41,Male,Single,Finance,Executive,5,9704,38,7,3,9,4,4,1,13,No,4,56,3,4,1,3,44,4,Yes
1088,48,Male,Single,IT,Assistant,2,16492,34,2,5,2,4,2,2,53,No,6,46,18,3,3,2,8,4,No
6086,36,Male,Married,IT,Assistant,5,15850,63,25,7,5,4,1,1,4,Yes,2,52,3,4,2,4,16,4,No
8675,47,Female,Married,IT,Manager,1,15679,17,13,9,1,3,1,3,40,Yes,8,48,15,3,2,3,26,1,No
8342,57,Female,Married,HR,Assistant,2,10663,92,19,5,8,4,4,2,2,Yes,4,35,0,2,2,4,43,2,No
7812,30,Male,Married,Finance,Assistant,2,18954,50,1,8,2,1,4,1,75,Yes,6,43,9,4,4,1,34,3,No
6085,29,Female,Single,Sales,Manager,5,15404,84,10,10,4,3,1,1,83,Yes,3,32,11,3,2,3,30,2,No
8774,46,Male,Married,HR,Executive,4,3761,36,25,1,4,4,4,1,16,No,3,54,16,3,3,3,41,1,No
8758,31,Male,Single,Finance,Analyst,5,10004,40,19,6,7,1,4,4,64,Yes,2,56,5,2,1,1,29,4,No
1693,58,Male,Single,Marketing,Executive,4,15956,71,24,5,3,4,4,4,20,Yes,6,32,9,3,3,3,7,3,Yes
4735,40,Female,Divorced,Sales,Analyst,3,8577,22,11,9,2,3,1,2,31,Yes,7,53,19,4,1,2,6,1,No
3388,53,Female,Married,Sales,Assistant,3,9947,21,24,7,9,4,4,1,30,No,8,44,19,2,2,4,11,3,No
3647,55,Female,Married,IT,Assistant,2,12005,80,8,13,0,1,1,1,93,Yes,6,55,8,1,4,3,9,3,No
1684,51,Female,Married,Marketing,Executive,4,6156,47,8,14,4,1,1,4,14,Yes,3,37,18,4,3,4,13,2,No
9,30,Female,Married,IT,Analyst,4,18105,95,17,10,2,2,3,3,51,Yes,8,42,4,3,3,1,39,4,No
6063,57,Male,Married,HR,Analyst,2,9109,60,8,13,9,4,5,1,32,No,6,53,2,2,2,3,36,4,Yes
6517,55,Male,Married,Finance,Assistant,2,17962,20,26,12,6,3,2,2,58,Yes,9,48,8,4,1,3,9,4,No
4124,53,Female,Married,Marketing,Analyst,2,3909,98,2,8,5,4,2,2,79,Yes,2,39,17,1,1,1,48,3,No
8730,42,Female,Single,Sales,Assistant,2,6373,93,19,6,4,2,5,1,38,Yes,3,56,15,2,2,1,35,2,No
6046,46,Female,Single,Sales,Assistant,1,3745,43,3,12,1,1,5,3,76,Yes,6,58,9,4,1,2,37,3,No
568,57,Male,Single,Marketing,Assistant,3,16084,99,21,11,6,2,4,4,67,No,1,52,17,2,3,3,18,2,No
9162,46,Male,Married,Marketing,Manager,4,11865,32,7,8,8,3,5,4,5,No,9,46,7,4,2,1,41,1,No
1804,59,Male,Divorced,Marketing,Executive,4,18142,83,13,1,6,2,2,4,79,Yes,8,35,19,1,2,2,34,4,Yes
8502,40,Male,Single,HR,Executive,4,11654,65,18,13,9,2,2,2,45,Yes,7,58,5,3,4,2,23,4,No
4901,40,Female,Divorced,Finance,Executive,5,13872,42,28,14,6,3,1,4,49,Yes,1,35,8,4,2,2,22,4,No
1600,52,Male,Single,Marketing,Assistant,1,18157,73,2,8,0,2,4,2,72,No,1,53,4,2,1,1,2,2,No
7932,47,Female,Single,IT,Executive,4,16061,56,8,14,4,1,3,3,17,Yes,6,57,15,2,4,1,31,2,No
9548,42,Female,Married,HR,Analyst,1,15565,56,2,4,7,3,2,2,16,No,8,40,0,3,4,4,39,3,No
2824,43,Male,Married,Finance,Analyst,4,14114,38,19,12,2,4,2,4,56,Yes,9,46,15,2,3,4,25,2,Yes
5468,42,Male,Divorced,Finance,Executive,5,5470,85,25,8,3,4,5,3,85,No,8,47,1,1,3,3,14,2,No
3530,55,Female,Divorced,Marketing,Executive,1,4924,45,26,14,7,1,2,1,34,Yes,1,30,15,4,3,3,40,4,No
8684,34,Male,Married,Sales,Executive,2,15045,86,29,4,1,2,4,3,13,No,6,52,2,3,1,3,14,3,No
1156,28,Female,Divorced,Sales,Assistant,1,6470,99,9,11,0,2,1,3,24,No,3,34,10,3,1,3,11,4,No
6548,53,Female,Married,HR,Analyst,2,17492,87,9,7,6,4,1,1,1,No,2,33,15,2,1,1,23,2,No
9089,46,Female,Single,HR,Executive,2,9025,39,11,7,5,3,4,1,33,No,3,50,12,3,4,2,4,4,No
7621,30,Female,Single,Sales,Assistant,4,15665,25,17,11,1,2,2,4,4,No,9,33,10,1,3,3,26,1,No
8297,37,Female,Married,Sales,Analyst,4,5355,27,17,14,2,2,5,2,88,Yes,6,55,11,1,3,1,37,4,No
4541,51,Female,Divorced,HR,Assistant,1,13204,38,4,8,6,1,2,1,12,No,7,54,7,3,3,4,19,3,No
9135,36,Female,Divorced,Sales,Assistant,1,4038,57,26,4,5,1,5,2,37,No,9,51,8,1,4,4,41,3,No
6483,58,Female,Divorced,IT,Manager,5,9513,98,23,14,1,3,1,2,19,Yes,3,50,5,1,1,4,29,3,No
5827,44,Male,Divorced,Finance,Analyst,2,4986,82,13,5,0,4,2,1,43,No,3,38,4,1,1,2,27,2,Yes
1191,47,Male,Single,IT,Assistant,2,14218,24,23,11,8,3,4,1,80,Yes,5,40,12,3,3,3,42,4,Yes
7445,54,Female,Married,Finance,Manager,3,19300,47,3,7,5,3,5,3,53,No,4,55,7,2,3,4,14,2,No
8521,42,Male,Married,IT,Assistant,3,6008,60,21,8,1,4,3,2,19,No,3,43,2,4,1,3,9,2,No
961,27,Male,Divorced,IT,Assistant,5,10271,44,6,4,3,4,5,2,67,Yes,9,37,19,1,3,3,20,4,No
7455,39,Male,Single,Sales,Assistant,5,6813,21,6,6,8,1,4,1,63,Yes,1,35,2,3,3,4,47,2,No
37,37,Female,Divorced,Marketing,Analyst,2,19000,89,27,7,3,4,4,3,29,Yes,1,36,0,3,3,3,22,1,No
7517,42,Male,Single,IT,Analyst,3,15480,38,28,12,4,4,3,2,54,No,1,31,5,4,2,2,16,3,No
7645,47,Male,Divorced,Finance,Manager,4,16540,16,15,8,5,3,3,2,58,No,1,31,13,1,1,4,32,1,No
4439,34,Male,Married,Sales,Analyst,5,3004,77,1,3,8,4,1,4,60,No,9,54,7,1,3,1,21,3,No
6162,52,Female,Married,Finance,Assistant,3,5312,81,21,4,3,3,3,2,27,No,3,55,10,3,1,2,37,1,No
7745,27,Male,Divorced,Finance,Executive,3,10989,37,16,2,6,3,5,1,19,Yes,4,46,19,3,3,2,36,2,No
9588,56,Male,Single,Marketing,Manager,5,5617,67,26,6,3,4,1,3,57,No,1,39,10,4,1,3,26,3,No
8120,58,Female,Married,Marketing,Analyst,2,17867,33,1,8,8,2,3,4,98,No,8,58,8,1,2,4,47,4,Yes
6968,22,Male,Divorced,IT,Assistant,4,13517,18,29,7,4,2,3,4,7,No,5,48,17,2,2,3,27,1,No
5719,37,Male,Single,Marketing,Analyst,2,12180,94,18,12,2,4,2,2,64,Yes,3,44,1,3,2,3,20,4,No
578,38,Male,Married,IT,Analyst,5,4077,69,4,11,7,1,2,3,18,No,6,34,11,3,2,4,48,2,Yes
9834,23,Female,Married,Marketing,Analyst,1,5224,57,26,1,1,3,4,3,57,No,6,54,12,1,1,3,37,1,Yes
4103,21,Male,Married,Marketing,Analyst,2,6386,60,1,9,5,3,5,2,38,No,9,30,8,1,1,2,47,1,Yes
7647,27,Female,Married,HR,Assistant,2,13976,26,5,11,5,2,3,3,36,Yes,8,38,19,3,2,3,23,2,No
4152,56,Male,Married,Finance,Analyst,1,7405,38,28,2,4,4,2,1,68,Yes,6,54,10,1,2,3,43,2,No
3131,24,Male,Married,IT,Assistant,5,4959,87,20,14,8,1,4,3,98,Yes,3,51,12,3,4,2,3,4,No
4891,49,Female,Married,Finance,Analyst,5,9019,54,2,12,0,3,3,2,42,No,6,40,12,4,4,2,45,3,Yes
9976,46,Male,Married,Sales,Executive,2,4685,41,11,2,5,3,4,4,93,Yes,7,58,6,2,1,2,15,1,Yes
7472,24,Female,Divorced,Finance,Executive,1,15150,85,19,6,7,4,2,2,64,Yes,8,49,16,1,4,3,14,2,No
1834,38,Male,Single,Marketing,Manager,2,8883,51,1,8,3,1,5,4,9,Yes,5,57,16,1,1,4,20,4,No
9149,43,Female,Married,IT,Manager,2,7921,27,4,1,5,2,1,2,60,Yes,4,52,3,4,4,4,18,4,No
4892,44,Male,Divorced,Marketing,Manager,3,15932,35,15,1,2,1,3,4,71,No,8,55,17,4,2,3,2,1,No
2288,50,Female,Divorced,IT,Analyst,4,19992,71,19,1,6,3,5,2,2,Yes,9,30,0,3,4,4,37,1,No
1331,56,Female,Married,IT,Analyst,4,16700,65,16,4,5,2,5,2,63,No,5,40,18,3,3,3,13,1,Yes
2772,57,Female,Single,Sales,Analyst,4,8746,17,19,9,3,2,4,4,47,No,6,52,11,2,1,2,18,4,No
3687,34,Female,Married,Finance,Executive,1,16169,47,29,2,9,2,3,1,40,No,8,56,2,3,3,2,40,4,No
8284,34,Female,Married,Marketing,Assistant,5,15941,98,17,7,7,4,4,2,52,Yes,9,34,17,2,1,1,21,2,No
5929,48,Male,Divorced,HR,Assistant,5,4320,39,9,6,2,1,5,3,30,No,6,48,5,3,4,2,39,2,No
638,54,Female,Divorced,Sales,Analyst,2,3396,76,14,12,1,4,1,1,48,No,2,32,16,2,2,1,5,1,No
48,54,Male,Single,Sales,Assistant,2,16054,82,29,13,2,4,3,1,19,Yes,2,49,14,4,4,1,39,3,No
2603,41,Male,Married,Marketing,Assistant,4,19088,76,28,12,8,1,1,3,87,No,1,39,13,2,4,1,22,4,Yes
1966,41,Female,Married,Finance,Manager,1,13701,61,28,2,0,4,3,4,80,Yes,4,42,19,4,2,1,34,4,No
2169,54,Male,Married,Finance,Assistant,4,6461,98,5,12,0,1,2,2,19,No,7,36,17,4,4,1,43,2,No
5050,31,Female,Single,Marketing,Analyst,4,9734,19,24,12,5,4,3,1,29,No,4,43,7,3,1,3,14,2,Yes
3335,42,Female,Single,Marketing,Executive,4,12794,38,5,3,6,3,5,1,45,No,2,37,18,1,4,4,27,2,No
3020,24,Male,Single,Finance,Assistant,4,6201,37,14,1,1,4,3,1,27,Yes,7,33,19,2,4,2,41,1,No
8765,45,Male,Married,IT,Assistant,1,5348,36,14,4,4,4,2,2,24,Yes,6,42,19,2,4,3,16,1,No
9177,39,Male,Married,Marketing,Analyst,1,18414,40,14,7,6,1,4,3,21,No,6,52,3,2,4,2,23,2,No
1361,42,Male,Divorced,Finance,Executive,4,7659,53,10,13,9,4,5,4,94,Yes,9,51,3,4,3,2,46,4,No
5799,22,Male,Married,Finance,Executive,5,10719,40,8,4,3,1,1,1,32,No,4,37,17,4,3,1,42,1,No
9401,53,Male,Married,HR,Assistant,1,3647,69,28,11,2,2,5,4,3,No,4,59,12,1,3,2,41,4,No
3252,31,Male,Single,Finance,Executive,2,17590,38,9,14,0,2,2,4,11,Yes,3,30,0,2,3,2,3,3,No
6301,52,Male,Married,HR,Manager,2,13214,20,17,5,9,1,4,4,79,Yes,5,52,7,2,3,2,4,1,No
2252,38,Male,Single,Sales,Executive,5,5594,17,21,3,1,3,3,3,48,Yes,3,39,7,2,2,4,1,3,No
6028,33,Male,Married,Marketing,Executive,3,8853,20,5,2,6,3,1,2,70,No,9,47,4,2,4,3,49,3,No
1176,42,Male,Divorced,Marketing,Assistant,1,14860,59,10,6,7,4,1,2,34,Yes,3,50,0,2,4,3,35,4,Yes
8800,44,Female,Married,Sales,Manager,1,15237,46,14,12,8,3,2,1,89,No,4,55,19,2,2,3,30,1,No
3280,38,Female,Divorced,Marketing,Assistant,1,4621,38,10,6,7,2,4,2,60,Yes,7,48,1,1,3,2,44,3,No
2974,55,Male,Divorced,IT,Analyst,4,12288,99,3,10,2,3,4,3,17,Yes,9,57,4,3,4,3,15,2,No
3397,31,Male,Divorced,Marketing,Executive,2,14256,17,10,5,9,4,3,1,93,Yes,4,35,17,3,2,2,31,2,No
6940,37,Female,Married,IT,Executive,4,12686,34,6,13,4,2,1,3,74,Yes,5,30,5,1,3,1,16,2,No
966,21,Male,Divorced,Finance,Manager,5,12225,36,2,8,8,3,1,3,63,Yes,2,49,5,1,2,3,6,3,Yes
8575,38,Female,Divorced,Sales,Executive,4,17816,20,9,13,7,3,3,3,65,No,9,36,19,2,1,4,2,2,Yes
743,31,Male,Single,HR,Analyst,2,5391,54,17,12,6,4,5,3,80,Yes,1,55,12,1,2,2,38,4,No
7515,37,Female,Married,Marketing,Manager,5,3506,40,17,8,7,4,3,4,48,No,8,39,18,1,3,1,38,4,No
3315,54,Male,Divorced,Finance,Executive,4,7887,57,3,5,9,2,2,4,26,Yes,7,45,9,3,2,4,31,2,No
4899,30,Male,Single,Sales,Manager,4,6844,68,27,14,0,4,3,3,93,Yes,5,34,13,4,3,3,1,2,No
9341,29,Male,Single,Marketing,Manager,4,16758,69,19,6,7,1,1,4,90,No,1,58,14,4,4,4,11,3,No
4673,44,Male,Divorced,HR,Manager,3,16935,37,25,10,9,1,5,4,60,Yes,6,58,14,1,3,3,18,4,No
8619,33,Male,Single,Marketing,Assistant,2,6131,31,26,2,8,3,4,1,95,Yes,4,56,4,2,3,4,2,1,No
1218,21,Male,Divorced,Sales,Executive,3,18500,20,17,10,9,1,1,4,67,No,9,34,2,3,4,4,33,2,No
4398,55,Male,Divorced,HR,Assistant,2,11728,46,6,14,1,1,5,1,71,Yes,3,59,1,4,4,4,10,3,No
6081,40,Female,Married,IT,Executive,2,18710,59,28,6,2,3,1,3,9,No,6,32,14,3,1,2,18,4,No
2615,54,Female,Single,Sales,Executive,5,12021,92,5,14,8,2,1,2,57,Yes,7,33,12,1,2,2,4,3,No
2621,24,Female,Married,Sales,Analyst,4,10203,70,6,10,4,1,5,3,60,No,3,43,14,4,4,1,31,3,No
8715,57,Female,Married,Finance,Assistant,5,15522,96,29,7,8,4,1,3,49,Yes,2,43,7,4,1,1,33,2,No
7283,56,Female,Married,Finance,Analyst,1,3095,42,8,1,8,3,4,1,12,No,6,30,6,3,4,2,26,2,No
3380,47,Female,Single,Sales,Assistant,1,8315,91,12,3,0,2,3,3,72,No,3,39,6,1,2,1,46,2,No
7302,52,Female,Single,HR,Analyst,1,18721,89,25,1,7,2,5,2,32,Yes,7,57,8,1,1,3,29,3,No
9858,54,Male,Married,Finance,Manager,3,11233,89,15,11,1,3,1,2,77,Yes,8,49,19,2,3,4,26,4,Yes
5606,48,Female,Single,Marketing,Executive,2,5937,18,8,2,3,2,3,1,16,No,3,35,5,4,2,1,8,2,No
9814,35,Female,Single,IT,Analyst,1,7862,52,11,8,0,2,1,1,53,Yes,8,34,15,3,2,3,22,2,Yes
5787,43,Male,Divorced,IT,Executive,5,18977,72,9,6,8,3,4,4,35,No,5,55,14,3,1,1,21,4,No
8519,28,Male,Single,IT,Analyst,3,8099,43,23,12,2,4,2,2,68,Yes,1,41,14,2,4,2,25,1,No
6851,25,Male,Divorced,HR,Executive,2,5646,78,16,6,0,4,4,3,80,Yes,6,55,4,3,2,2,8,1,No
1517,33,Male,Divorced,Sales,Executive,4,5600,97,5,8,2,3,4,2,85,Yes,5,30,4,3,1,4,34,1,No
5099,31,Male,Single,Marketing,Manager,4,11837,72,16,6,8,1,4,1,9,No,7,32,13,1,4,4,27,2,No
7637,39,Male,Divorced,HR,Assistant,5,6564,35,4,14,7,4,4,1,96,No,7,39,7,3,2,1,15,3,No
9086,50,Female,Married,Finance,Manager,1,6499,87,15,6,9,4,1,3,82,Yes,6,57,17,4,3,3,23,2,No
8024,27,Female,Single,HR,Assistant,1,18527,73,2,2,4,1,5,4,65,No,5,44,11,3,4,1,22,2,Yes
2393,21,Female,Married,HR,Manager,4,13859,53,23,13,6,4,4,4,4,No,7,44,11,1,4,4,10,1,No
587,42,Female,Divorced,IT,Analyst,4,11124,98,20,6,9,1,3,4,27,No,3,51,1,4,2,2,34,4,No
3520,58,Male,Divorced,Finance,Assistant,4,12533,96,26,14,0,2,3,2,76,No,7,51,14,3,4,3,26,3,No
7654,54,Female,Divorced,Marketing,Executive,3,8082,35,25,5,1,4,3,3,36,Yes,2,35,8,2,2,1,37,2,Yes
8947,33,Male,Divorced,Sales,Executive,2,18650,28,28,7,5,2,5,2,95,No,5,49,6,1,1,1,27,1,No
851,45,Female,Married,HR,Analyst,5,3750,76,26,8,2,3,4,3,54,No,8,56,10,4,4,2,18,2,No
336,20,Male,Married,IT,Executive,2,7677,22,11,8,1,3,5,3,25,Yes,9,56,15,1,1,4,46,3,No
6635,37,Female,Divorced,Sales,Assistant,4,13496,73,29,9,8,2,5,1,14,No,7,31,19,4,4,2,26,4,No
8973,47,Female,Single,IT,Manager,2,5779,44,26,8,0,4,3,1,78,No,5,59,16,4,1,4,38,4,No
7494,28,Female,Married,HR,Analyst,5,17559,15,3,1,3,2,5,2,76,No,1,47,14,1,2,1,21,3,No
2869,38,Female,Divorced,Marketing,Assistant,2,12473,17,27,1,7,4,4,4,47,Yes,9,40,17,1,4,1,23,4,No
4873,31,Female,Married,Sales,Manager,3,14698,61,1,12,9,2,5,1,62,No,8,35,1,3,4,3,38,1,No
3551,20,Male,Divorced,IT,Assistant,4,14228,35,28,9,3,3,1,1,60,No,1,47,12,2,4,3,39,1,No
3843,52,Male,Single,Finance,Assistant,3,19823,86,15,5,3,3,2,3,98,Yes,7,53,1,4,3,1,35,4,Yes
7263,39,Female,Married,Finance,Manager,1,4098,45,20,8,7,3,1,3,83,Yes,1,51,19,1,2,2,7,1,No
5825,56,Female,Divorced,HR,Executive,4,7616,42,14,5,2,1,5,4,76,Yes,8,36,4,3,3,2,32,1,No
24,31,Female,Divorced,Marketing,Executive,4,8159,70,24,9,1,2,4,4,70,No,8,32,6,2,3,1,10,1,No
1454,59,Male,Divorced,Sales,Analyst,3,5949,25,28,10,2,4,5,3,78,No,9,45,1,2,1,2,20,2,No
1685,55,Female,Single,Finance,Analyst,4,19959,80,18,3,5,3,3,1,78,Yes,1,58,9,2,1,1,45,3,No
2311,51,Female,Single,Finance,Manager,4,13063,99,6,13,3,2,1,4,29,No,1,58,1,2,2,4,42,1,Yes
9064,34,Male,Divorced,Sales,Executive,4,13589,40,27,3,6,3,2,4,61,No,6,38,16,3,3,1,11,1,No
9407,26,Male,Married,Sales,Manager,1,5830,65,21,2,7,2,3,3,56,Yes,4,35,19,1,3,3,22,2,Yes
382,44,Female,Divorced,HR,Assistant,1,3986,80,15,14,3,1,1,2,95,No,9,48,3,2,3,1,45,4,Yes
5815,26,Male,Divorced,Marketing,Assistant,5,8905,23,2,2,5,2,3,1,20,Yes,8,35,1,4,2,2,23,4,No
5551,49,Female,Divorced,Sales,Assistant,4,15339,56,10,10,6,2,2,4,3,No,2,55,13,3,1,3,45,4,No
9309,45,Female,Married,Sales,Assistant,1,15891,62,5,13,9,2,3,4,80,No,7,48,7,1,1,2,36,1,Yes
1619,34,Female,Divorced,Marketing,Assistant,3,14704,83,13,11,6,3,5,1,25,No,6,33,10,2,2,3,17,1,Yes
790,44,Male,Married,Sales,Assistant,1,13496,96,16,10,4,2,2,1,10,No,3,48,7,4,2,4,28,1,No
5984,39,Male,Single,HR,Manager,2,19867,70,4,14,4,2,5,3,49,No,4,54,17,3,4,3,36,3,No
8673,32,Male,Single,HR,Assistant,5,11208,93,9,6,0,2,2,2,78,No,8,42,17,4,2,1,45,4,No
4476,58,Female,Single,Finance,Executive,4,18350,65,23,4,1,2,4,2,26,No,6,55,8,2,4,2,19,3,No
5607,38,Male,Single,Sales,Executive,2,7196,89,15,11,0,1,5,1,33,No,2,32,17,2,4,2,28,4,No
9313,30,Female,Divorced,Finance,Manager,3,8004,71,19,13,3,4,5,2,6,No,6,48,11,4,1,4,20,4,No
5649,37,Male,Single,Finance,Analyst,3,19762,32,8,4,0,1,4,1,42,Yes,3,31,5,2,4,4,37,2,Yes
6217,48,Female,Married,IT,Executive,4,8559,70,2,10,7,2,2,2,57,Yes,5,53,10,2,2,4,17,4,No
2287,36,Female,Single,IT,Manager,1,13181,83,4,14,5,2,2,2,93,No,4,48,1,1,1,1,6,1,No
9994,21,Female,Married,Sales,Manager,3,8328,32,4,5,2,4,4,4,72,No,1,57,1,2,1,1,32,3,No
7579,28,Female,Married,Finance,Analyst,4,15317,73,1,8,1,2,3,1,27,No,6,44,1,2,3,3,1,3,No
1184,53,Male,Divorced,HR,Executive,5,3892,32,24,10,9,3,5,3,45,No,3,56,19,4,2,2,24,3,No
6002,46,Male,Married,IT,Analyst,5,5490,48,3,11,1,1,3,3,45,Yes,2,30,8,4,2,3,27,1,Yes
5091,43,Female,Single,IT,Analyst,4,5276,28,18,6,4,3,5,2,80,Yes,8,30,10,2,4,3,49,4,No
2517,29,Male,Divorced,Sales,Manager,2,18796,65,8,3,2,1,5,3,80,Yes,8,59,1,4,4,1,7,3,No
4123,50,Female,Divorced,Marketing,Executive,2,3080,55,12,7,0,3,4,1,36,No,9,41,8,3,3,1,15,2,No
5522,38,Female,Married,HR,Manager,1,19418,28,5,5,9,4,3,4,34,Yes,7,51,12,2,2,2,49,2,No
5628,29,Female,Single,Sales,Executive,5,11408,46,24,10,8,2,3,2,44,No,3,51,11,2,2,4,19,1,No
8361,20,Male,Single,Finance,Manager,5,12510,55,21,4,4,1,2,4,14,No,6,36,10,3,4,3,44,2,Yes
5873,23,Female,Divorced,Marketing,Executive,5,15868,98,18,14,5,4,2,1,28,Yes,5,44,16,1,1,2,34,2,No
8613,21,Male,Single,Finance,Executive,5,3735,93,29,9,6,4,5,4,77,No,2,36,18,1,2,4,32,1,No
7728,31,Male,Divorced,Finance,Assistant,1,19034,88,15,9,3,3,2,2,86,No,7,42,19,2,1,3,31,1,No
5969,23,Female,Divorced,Finance,Analyst,5,10061,77,1,12,9,3,2,2,52,Yes,2,54,15,4,1,2,36,2,No
1181,25,Male,Married,Sales,Analyst,1,15240,33,22,1,7,4,3,3,43,Yes,7,30,5,3,4,3,21,3,Yes
8763,28,Female,Single,Marketing,Analyst,5,18745,17,23,14,9,3,5,2,53,Yes,9,36,12,4,2,1,39,4,Yes
8236,59,Male,Divorced,Sales,Executive,2,15230,81,1,9,3,4,3,1,74,Yes,2,59,5,4,1,2,30,2,No
2819,28,Male,Single,Marketing,Executive,5,17533,91,3,7,6,3,4,3,19,Yes,4,54,13,2,1,1,21,2,No
9965,46,Male,Single,Finance,Manager,3,18834,83,6,13,3,2,2,1,3,Yes,8,35,0,3,4,3,42,1,Yes
8704,31,Male,Single,HR,Analyst,5,5757,60,7,3,0,2,2,4,87,No,4,33,19,2,4,1,16,4,No
6609,22,Male,Married,HR,Assistant,1,14357,21,7,5,5,1,5,4,19,No,2,36,1,3,2,4,44,2,No
2821,54,Female,Single,Finance,Analyst,5,7215,86,20,4,5,1,4,2,35,No,6,35,16,4,2,4,45,3,No
7536,58,Female,Single,Sales,Manager,4,16954,40,20,11,9,2,3,3,32,No,1,58,7,1,2,2,34,3,No
2261,42,Male,Divorced,Finance,Manager,4,3136,42,16,4,7,4,5,4,13,Yes,5,32,11,4,2,3,44,1,No
2240,59,Female,Single,IT,Analyst,2,12296,38,20,4,2,4,3,1,36,Yes,5,50,17,4,4,2,26,2,No
6022,22,Female,Married,IT,Assistant,5,12817,38,22,8,4,1,1,1,4,No,2,44,19,2,1,1,19,4,No
783,58,Male,Divorced,IT,Executive,5,17275,41,15,13,8,4,1,1,65,Yes,4,41,7,3,2,3,29,3,No
933,27,Male,Single,Sales,Analyst,2,14773,81,8,1,5,3,3,4,47,No,5,45,18,1,1,1,24,2,Yes
6203,39,Female,Divorced,Sales,Assistant,2,4557,93,24,2,5,4,1,1,42,Yes,7,51,4,4,3,2,23,2,No
2413,39,Female,Divorced,HR,Manager,2,10955,47,20,13,4,3,5,3,26,Yes,4,47,15,4,1,3,28,3,No
6998,35,Female,Single,Sales,Manager,4,8817,50,16,13,7,4,4,1,33,Yes,1,50,10,4,4,4,43,4,No
9116,43,Male,Single,HR,Manager,5,15208,28,22,10,2,4,2,1,10,Yes,4,40,10,2,2,4,48,3,No
1157,41,Female,Single,Sales,Manager,3,9900,91,14,13,9,4,3,4,27,Yes,6,36,18,3,3,3,26,2,Yes
8108,53,Female,Single,Finance,Executive,3,9465,87,27,3,1,4,2,1,25,Yes,5,54,8,4,1,1,16,2,Yes
5806,49,Male,Divorced,HR,Assistant,5,17279,22,24,9,0,3,2,4,92,Yes,8,51,10,2,3,4,38,3,No
4880,29,Male,Single,IT,Analyst,5,4985,16,29,8,9,4,4,1,79,Yes,5,40,17,1,2,3,1,1,No
3310,56,Male,Single,HR,Executive,4,15581,30,17,1,7,1,5,3,2,Yes,3,33,1,1,4,2,42,4,Yes
8962,33,Female,Married,Sales,Assistant,5,12678,61,23,8,8,1,3,1,77,No,7,53,9,1,4,3,42,1,Yes
1703,27,Male,Divorced,Sales,Manager,3,15830,60,22,7,1,3,4,4,12,No,5,52,18,4,3,1,46,4,Yes
2493,45,Male,Single,Finance,Assistant,3,5777,39,17,9,7,2,4,3,3,No,3,49,18,2,4,2,14,4,No
3707,22,Female,Married,Marketing,Executive,2,6549,26,13,9,6,4,2,3,62,Yes,4,51,6,3,1,1,32,1,No
8277,37,Male,Single,Finance,Executive,5,17098,40,27,10,9,4,3,4,33,Yes,2,57,16,2,1,2,8,4,No
287,52,Female,Married,Finance,Analyst,3,5006,93,18,1,5,1,4,3,70,No,8,44,14,2,3,3,44,2,No
1609,49,Female,Single,Finance,Assistant,2,7588,87,4,2,5,4,3,1,60,Yes,8,33,11,2,1,2,4,4,Yes
6632,36,Female,Married,Finance,Manager,5,19684,30,14,10,5,4,4,4,20,Yes,4,40,10,1,3,1,5,3,No
8279,28,Female,Single,HR,Analyst,3,6466,33,28,8,3,1,1,2,82,Yes,8,50,17,1,3,2,35,2,No
7316,25,Female,Married,HR,Assistant,2,17583,20,19,1,3,2,3,2,59,Yes,6,58,7,4,3,2,1,3,No
2253,24,Male,Single,HR,Assistant,1,7967,56,10,10,1,4,5,3,78,Yes,8,49,6,1,2,1,19,4,No
7416,22,Female,Single,Marketing,Analyst,3,16887,28,22,4,6,1,4,3,25,Yes,1,51,10,2,4,2,41,2,No
8366,26,Male,Married,Sales,Manager,2,7699,54,27,10,1,3,3,3,0,No,9,54,6,4,4,3,27,2,No
1892,55,Male,Divorced,Finance,Analyst,1,12279,72,26,10,8,3,4,2,67,No,3,47,12,4,2,2,13,1,No
5063,59,Female,Single,Sales,Executive,3,8115,69,28,6,6,1,1,2,11,No,4,49,17,3,3,1,20,1,Yes
6121,31,Male,Married,Finance,Analyst,1,6527,76,3,14,9,1,5,3,4,No,1,31,6,3,1,3,34,4,No
564,32,Male,Married,IT,Manager,3,3758,85,17,8,2,1,4,3,52,Yes,7,35,13,4,2,4,22,4,No
292,36,Female,Single,Sales,Executive,5,6197,64,14,11,1,2,5,3,6,Yes,3,32,1,4,4,2,14,4,No
4717,32,Female,Divorced,HR,Executive,5,17804,86,29,4,7,4,2,4,31,Yes,7,51,15,3,1,4,32,3,No
7709,36,Female,Single,Finance,Assistant,5,18861,40,27,12,9,2,1,1,9,No,9,38,12,1,2,3,5,1,No
6350,35,Female,Single,Finance,Assistant,4,14246,29,26,8,7,2,4,1,58,No,5,54,16,4,1,1,28,4,Yes
170,21,Female,Single,Sales,Executive,2,8710,97,26,3,6,3,5,2,42,Yes,9,30,16,4,3,4,21,4,No
268,27,Male,Divorced,Sales,Analyst,5,7156,83,27,11,0,2,3,4,35,No,7,52,16,1,3,3,32,4,No
4639,44,Male,Single,Sales,Assistant,2,10673,21,19,10,2,4,5,1,69,Yes,2,47,17,2,2,3,42,4,No
7078,20,Female,Divorced,Marketing,Analyst,2,13849,33,9,14,0,3,5,4,78,Yes,8,59,18,2,2,4,25,4,No
3356,32,Female,Single,Marketing,Assistant,5,3385,46,13,5,0,3,4,3,50,No,4,31,10,1,3,3,5,4,No
8280,50,Male,Married,Sales,Executive,1,15882,45,22,12,5,4,1,2,24,No,6,51,18,3,4,3,26,4,No
316,41,Female,Divorced,Finance,Executive,3,15098,62,15,6,7,2,3,4,89,Yes,4,37,19,1,4,1,13,2,No
6729,50,Male,Married,HR,Analyst,1,15261,37,5,12,0,2,3,4,22,Yes,9,54,10,1,3,3,1,2,No
9496,38,Female,Divorced,Sales,Manager,5,5331,28,26,12,9,1,3,2,7,Yes,6,59,2,3,4,1,25,1,No
4068,34,Male,Married,IT,Manager,2,6213,62,27,2,6,4,3,2,90,Yes,4,45,8,3,2,3,23,2,No
246,27,Male,Single,Finance,Assistant,5,19621,90,28,10,7,3,4,2,53,Yes,4,44,5,3,4,2,23,1,No
253,54,Female,Single,Sales,Assistant,4,11168,39,23,9,7,4,1,3,56,No,2,55,16,2,1,3,27,1,No
1112,37,Female,Divorced,HR,Assistant,1,15332,96,24,9,9,1,1,3,92,Yes,3,52,14,1,1,3,41,1,Yes
4802,23,Male,Single,Finance,Executive,4,13764,35,5,14,2,4,5,2,5,No,9,40,17,2,4,1,24,1,No
1714,58,Male,Single,Finance,Analyst,3,12124,22,3,2,2,1,1,1,12,No,5,59,12,2,2,2,30,1,Yes
51,55,Male,Single,Finance,Manager,5,12256,36,17,7,5,2,4,4,73,No,6,32,19,3,2,3,44,1,No
1836,53,Female,Divorced,Finance,Executive,4,13002,31,12,5,1,1,5,4,76,No,2,30,1,3,3,2,14,4,No
7897,59,Female,Married,Finance,Manager,5,5718,50,27,10,0,1,3,4,87,No,7,47,8,4,1,2,32,3,No
3384,47,Female,Married,Sales,Executive,1,16549,61,3,7,3,4,4,4,58,Yes,1,40,12,1,2,4,41,3,No
6411,40,Male,Divorced,Marketing,Manager,2,9390,43,8,1,5,4,1,2,39,Yes,7,43,0,3,2,3,5,1,Yes
4314,36,Female,Married,HR,Executive,3,4091,83,11,12,7,1,1,3,78,No,3,46,16,4,1,3,43,1,No
873,36,Male,Married,IT,Assistant,2,13029,37,9,3,7,2,5,2,29,Yes,7,34,12,4,1,3,48,2,No
1255,31,Male,Married,Marketing,Analyst,3,9030,59,2,9,9,4,4,4,48,No,7,41,1,1,4,4,46,2,Yes
8882,29,Female,Divorced,Marketing,Manager,5,11455,69,20,3,4,1,5,1,16,No,6,49,12,1,1,2,33,4,No
5852,56,Male,Single,HR,Executive,1,5940,68,27,9,0,3,5,2,79,No,3,55,3,2,4,3,35,4,Yes
5703,43,Male,Single,Sales,Manager,3,3585,40,11,13,1,2,5,2,21,No,8,40,18,4,3,3,28,1,No
8104,43,Female,Single,Finance,Manager,2,16305,30,20,2,3,1,3,4,38,No,1,59,15,3,4,3,32,2,No
2099,25,Female,Divorced,Marketing,Manager,2,7494,42,5,10,6,3,1,1,80,Yes,5,53,15,1,4,4,19,3,Yes
5129,22,Female,Single,Finance,Assistant,3,5807,95,12,12,4,1,3,2,42,No,9,38,11,1,3,2,23,1,Yes
249,59,Female,Married,Marketing,Assistant,5,5824,78,7,13,5,3,3,4,10,No,8,44,0,4,4,1,45,2,No
6562,20,Female,Married,Marketing,Manager,3,16547,21,15,7,4,1,3,2,26,Yes,1,47,16,2,4,2,27,4,No
1340,56,Female,Single,Finance,Executive,1,17796,56,7,13,8,4,5,4,16,Yes,3,43,4,1,2,4,48,2,No
7018,45,Male,Single,Marketing,Analyst,5,11458,49,13,4,4,2,1,3,58,No,7,56,6,2,4,1,22,2,Yes
2111,54,Male,Single,HR,Manager,5,17267,49,1,9,4,3,2,3,79,Yes,8,47,3,2,3,1,36,1,Yes
1570,21,Male,Single,Sales,Manager,3,3203,21,11,12,2,4,2,4,41,No,8,52,11,1,4,4,26,1,Yes
1727,20,Female,Married,Finance,Executive,2,9396,16,7,9,7,4,3,1,11,No,2,32,7,1,2,1,9,1,No
8385,38,Female,Married,Finance,Analyst,3,15559,50,29,13,8,3,3,3,52,No,5,45,3,3,2,3,20,4,No
6941,29,Male,Single,IT,Executive,1,3331,98,14,7,7,4,5,1,7,Yes,2,32,2,2,1,4,28,2,Yes
4396,58,Male,Divorced,IT,Assistant,4,12901,75,22,9,1,3,1,2,89,Yes,8,58,10,2,1,4,15,2,Yes
2421,59,Female,Single,Sales,Executive,5,16909,80,15,6,0,4,3,2,30,Yes,9,40,15,4,3,4,10,1,No
3046,23,Male,Married,HR,Manager,2,3021,29,9,11,6,1,2,2,85,Yes,4,35,12,4,3,2,44,4,Yes
5504,31,Female,Married,IT,Assistant,2,3589,44,23,9,0,1,4,3,3,No,8,49,18,4,3,1,17,4,No
3704,31,Female,Married,Sales,Executive,3,12968,47,26,2,3,3,4,3,57,No,2,33,16,4,1,1,41,2,No
8192,56,Male,Divorced,IT,Manager,1,6867,63,16,3,8,3,2,4,14,Yes,7,58,11,4,4,2,35,2,Yes
5332,54,Male,Single,Sales,Manager,3,13350,49,23,7,8,2,3,2,13,Yes,9,31,6,1,1,2,34,1,No
9809,54,Male,Divorced,IT,Assistant,3,10422,84,25,2,5,2,1,1,95,Yes,2,54,18,2,2,2,2,4,No
448,21,Male,Single,IT,Executive,4,8967,28,21,7,0,1,1,3,10,Yes,7,58,14,1,1,3,18,1,Yes
7895,33,Male,Married,HR,Executive,4,13534,45,1,4,9,1,4,1,51,No,8,58,9,2,4,3,22,4,No
8729,53,Male,Single,HR,Executive,3,17589,21,6,1,4,3,1,4,71,Yes,3,50,11,1,2,3,5,2,Yes
7829,25,Female,Single,IT,Analyst,5,10345,63,10,12,5,3,1,2,74,Yes,2,42,10,2,2,3,47,1,Yes
1769,56,Male,Divorced,IT,Manager,1,16222,48,10,9,6,3,5,3,25,No,7,52,9,1,2,1,26,4,No
6809,45,Male,Married,Finance,Executive,5,18248,18,13,10,8,2,1,2,70,Yes,9,44,2,3,1,4,24,1,No
4705,48,Female,Single,Sales,Manager,3,15177,38,14,14,0,1,3,1,79,No,2,56,10,3,4,1,47,3,No
3870,20,Male,Married,Marketing,Executive,1,10542,70,24,10,3,3,1,3,59,Yes,9,52,16,1,1,3,40,4,No
1656,48,Male,Single,HR,Assistant,5,6432,83,20,2,2,4,3,4,99,Yes,9,30,16,4,1,1,41,4,No
3188,32,Male,Divorced,Marketing,Manager,4,18846,61,2,3,7,4,5,4,8,No,1,36,7,3,2,2,27,4,No
684,21,Female,Divorced,Marketing,Executive,4,10444,69,21,10,2,3,1,3,86,No,2,34,8,4,2,3,44,4,Yes
4171,21,Female,Divorced,Marketing,Executive,3,12147,61,20,6,7,3,2,1,50,No,1,42,17,3,2,1,16,2,No
4478,44,Male,Single,Finance,Executive,4,3227,33,25,14,0,3,3,2,74,Yes,3,34,7,2,2,3,16,1,No
462,48,Male,Divorced,Finance,Analyst,4,4063,69,21,3,2,1,1,1,17,No,5,33,0,3,3,4,11,2,Yes
5765,26,Male,Married,Sales,Analyst,3,17796,95,17,12,5,2,2,2,80,No,1,44,8,4,4,2,4,3,No
7523,36,Male,Single,IT,Analyst,5,3733,94,20,12,7,4,2,2,56,No,9,33,12,4,2,2,39,1,No
4503,48,Male,Single,Finance,Manager,2,7521,63,18,13,0,4,4,2,11,No,2,42,13,2,2,3,43,2,No
9710,44,Male,Single,HR,Assistant,1,7614,41,24,1,8,4,1,1,94,Yes,9,58,3,3,3,3,1,1,No
319,46,Female,Divorced,IT,Manager,5,9203,93,29,4,6,3,3,1,92,No,8,56,11,4,2,1,44,1,Yes
1146,42,Female,Single,Marketing,Executive,4,6515,78,16,10,3,1,1,4,77,No,8,41,8,4,2,4,38,4,Yes
5095,33,Male,Divorced,Marketing,Assistant,5,3785,51,11,4,4,2,3,3,16,Yes,5,44,14,1,2,3,25,1,No
1394,30,Male,Divorced,Marketing,Analyst,2,18288,32,23,12,0,4,1,2,10,Yes,7,47,11,2,4,2,23,1,No
6624,26,Male,Divorced,HR,Assistant,4,4791,31,19,10,9,2,2,2,20,Yes,2,53,1,1,2,1,44,3,No
1502,45,Female,Single,Marketing,Manager,2,6263,75,29,4,3,3,5,2,75,No,1,37,12,3,2,2,2,1,No
6409,42,Female,Single,Sales,Manager,4,6919,24,29,14,7,4,2,3,31,No,7,57,2,4,4,1,38,3,No
377,31,Male,Divorced,Marketing,Executive,1,7398,49,29,3,1,4,1,2,66,No,4,35,13,2,1,4,42,4,No
411,56,Female,Married,HR,Assistant,4,4488,97,19,7,2,1,1,2,49,Yes,3,54,15,3,3,1,21,2,Yes
1661,38,Male,Divorced,Sales,Assistant,5,10688,28,12,12,7,4,2,4,68,Yes,6,43,13,2,3,4,49,1,No
3152,45,Female,Single,Sales,Executive,2,13692,81,19,13,9,3,1,3,91,Yes,9,57,12,4,1,3,45,3,No
1624,25,Female,Divorced,IT,Assistant,1,14577,80,7,14,7,3,4,2,43,Yes,1,43,16,3,1,2,14,4,No
5610,44,Male,Single,Marketing,Manager,1,18033,73,14,7,1,3,4,3,28,No,5,38,1,4,2,4,42,1,No
8533,35,Male,Single,HR,Assistant,5,7296,29,6,14,4,4,4,1,29,No,2,48,16,1,1,3,31,1,Yes
5803,59,Male,Divorced,HR,Analyst,1,7640,38,17,4,1,4,2,2,72,No,4,36,19,4,1,3,47,1,No
5307,46,Male,Divorced,Sales,Manager,5,6407,53,5,13,6,2,2,2,24,No,7,33,0,1,2,3,6,4,No
7087,37,Female,Divorced,Sales,Manager,2,19886,43,17,7,2,1,1,2,2,Yes,8,31,8,3,1,4,20,4,No
8898,23,Male,Single,IT,Analyst,2,16566,33,19,7,2,2,5,1,39,Yes,9,35,13,4,2,3,9,1,No
7489,32,Female,Single,IT,Manager,1,10619,68,16,4,7,4,1,1,49,No,1,41,3,2,2,1,28,2,No
9616,58,Female,Married,Marketing,Analyst,2,12714,52,13,7,1,3,1,3,25,Yes,3,54,18,4,4,1,8,4,No
9218,22,Female,Divorced,Marketing,Executive,2,16081,70,16,12,4,4,2,3,73,No,9,47,16,4,3,3,24,4,No
1673,31,Female,Single,Finance,Assistant,4,18296,44,9,5,0,1,1,2,96,Yes,2,53,6,3,2,2,25,3,No
2359,50,Male,Single,Sales,Assistant,3,18171,40,1,7,9,1,2,4,83,No,1,47,14,2,3,2,1,2,No
8468,20,Female,Married,Marketing,Assistant,1,6576,73,9,6,8,4,4,2,95,Yes,6,43,13,4,4,2,29,1,Yes
275,41,Male,Single,Sales,Assistant,4,16510,78,23,1,5,1,1,1,64,No,8,57,1,1,1,2,46,4,No
2474,24,Female,Divorced,HR,Manager,4,16225,95,25,13,9,2,3,2,10,Yes,1,41,19,2,4,1,5,3,No
5490,27,Male,Married,IT,Manager,1,7101,76,4,7,5,3,5,2,7,No,4,44,17,2,4,4,13,4,No
4772,37,Male,Married,Sales,Analyst,2,11691,23,6,11,3,1,3,1,19,Yes,7,50,10,2,3,2,31,4,No
2108,21,Female,Divorced,Marketing,Analyst,2,11733,67,6,11,1,4,3,4,10,No,2,55,8,1,2,4,14,3,Yes
7501,24,Male,Married,Sales,Executive,4,7071,24,5,4,9,3,1,3,45,Yes,2,55,16,3,3,3,12,4,No
4415,47,Female,Single,Sales,Manager,5,9747,45,2,5,6,1,1,4,31,No,9,54,3,1,2,4,26,1,No
8139,43,Male,Single,Marketing,Executive,5,12216,94,25,8,2,2,4,2,39,No,6,56,11,1,2,3,39,3,No
8661,23,Male,Divorced,Sales,Analyst,5,8036,93,7,12,8,2,3,1,96,Yes,1,41,10,3,1,1,25,2,Yes
8240,30,Male,Single,Sales,Executive,5,5352,26,26,9,5,2,2,4,70,Yes,5,45,7,4,2,4,38,3,No
2418,56,Male,Divorced,IT,Assistant,4,16196,42,21,6,0,3,3,3,9,No,8,59,14,2,3,4,2,2,No
8772,32,Male,Single,HR,Manager,1,17469,51,29,3,6,2,2,4,92,Yes,9,56,4,1,3,1,11,4,Yes
2237,48,Male,Divorced,HR,Manager,2,19566,85,23,4,1,1,3,3,60,Yes,1,34,8,3,1,4,7,2,No
3768,24,Male,Single,IT,Executive,2,11168,47,27,14,4,2,3,3,13,Yes,6,37,14,1,4,3,19,2,No
9792,49,Female,Divorced,IT,Executive,1,6977,50,9,12,4,3,5,3,64,Yes,1,59,2,4,1,3,28,4,No
9990,40,Female,Single,HR,Assistant,4,5000,22,10,9,2,1,4,4,76,Yes,1,40,9,3,4,2,45,1,Yes
9966,49,Female,Married,Marketing,Analyst,2,11134,15,10,12,8,1,2,1,34,Yes,6,44,13,4,4,4,19,4,No
7324,36,Male,Single,Marketing,Assistant,1,18147,76,21,6,2,3,4,4,64,No,8,34,2,2,3,1,8,3,No
1384,28,Female,Married,IT,Analyst,5,6286,54,26,6,5,3,4,3,85,Yes,4,49,2,2,2,3,9,3,Yes
3102,51,Male,Single,IT,Assistant,2,7127,37,8,4,8,1,4,4,70,Yes,8,42,4,1,3,2,7,4,No
3922,36,Male,Divorced,Marketing,Assistant,3,18905,30,20,11,3,4,3,2,50,Yes,6,43,4,4,4,2,9,3,No
6686,37,Female,Single,Sales,Manager,1,8966,89,14,6,9,2,2,1,74,No,1,46,0,2,2,2,4,2,No
3195,59,Male,Married,HR,Assistant,3,7284,58,2,8,7,1,4,2,50,Yes,9,54,3,1,4,1,12,1,No
1942,27,Male,Single,Finance,Manager,5,10799,66,29,1,0,4,4,3,32,Yes,7,35,8,1,1,3,22,2,No
7714,46,Female,Married,Finance,Analyst,3,15749,44,12,4,6,4,3,1,6,Yes,4,46,17,2,2,2,18,2,No
